,MAKE,MODEL,YEAR,Recall,Predict_Recall,Probability_Recall,complaint_count,crash_ratio,keybert_safety_score,median_mileage,complaints_first_12m,recall_count,first_complaint_date,shap_keybert_safety_score,shap_median_mileage,shap_complaints_first_12m_ratio
0,ACURA,INTEGRA,2023,1,1,0.8565816073297067,206,0.024271844660194174,26,16950.0,103,2.0,2022-12-21,0.4639014265124417,0.28352507365018853,0.8863069793325823
1,ACURA,INTEGRA,2024,1,1,0.6836352178330224,63,0.031746031746031744,12,4558.0,31,3.0,2023-08-01,-0.4409691783268526,0.41041939953653794,0.6476283926349582
2,ACURA,MDX,2022,1,1,0.8618605042978267,128,0.046875,35,41000.0,13,2.0,2021-06-03,1.0456039581948453,0.03725259644177164,0.5945229294435552
3,ACURA,MDX,2023,1,1,0.5840263086113238,34,0.058823529411764705,18,14907.0,6,2.0,2022-11-09,-0.05316749053858359,0.30444543418810105,-0.06540386175282618
4,ACURA,MDX,2024,1,1,0.5961968108181926,35,0.02857142857142857,16,9747.0,7,2.0,2023-12-29,-0.1824347198013399,0.3572839365746055,0.061344079001868446
5,ACURA,MDX,2025,1,1,0.7908357570746458,66,0.015151515151515152,25,12000.0,26,3.0,2024-09-06,0.39926781188106364,0.3342131718698004,0.443039595690078
6,ACURA,MDX TYPE S,2022,1,0,0.3270466187150784,23,0.043478260869565216,6,41143.0,0,1.0,2023-05-07,-0.8287708661151215,0.03578827360431618,-0.08204067161491983
7,ACURA,RDX,2022,1,1,0.7108623604506974,30,0.13333333333333333,21,8000.0,6,2.0,2022-01-07,0.14073335335555093,0.37517325123918366,0.23021945195053023
8,ACURA,RDX,2023,1,1,0.5083013565806217,19,0.0,12,7888.0,7,2.0,2023-01-17,-0.4409691783268526,0.3763201334615264,-0.055592409782873504
9,ACURA,RDX,2024,1,1,0.5003984720516341,10,0.0,10,5000.0,5,2.0,2024-01-05,-0.5702364075896089,0.4058933107662211,0.01248705286577763
10,ACURA,RDX,2025,1,1,0.7050635213595905,29,0.034482758620689655,17,2100.0,24,1.0,2025-04-23,-0.11780110516996176,0.43558936830902395,0.40028969782099855
11,ACURA,TLX,2022,1,0,0.3903781039069976,22,0.0,9,38222.5,1,3.0,2022-07-11,-0.6348700222209871,0.06569425155388714,-0.029997317687344822
12,ACURA,TLX,2023,1,0,0.3608676691422646,10,0.0,2,0.0,3,3.0,2023-09-16,-1.0873053246406343,0.45709340997795017,-0.09483821766268417
13,ACURA,TLX TYPE S,2022,1,0,0.39423727335955866,9,0.0,4,0.0,0,1.0,2025-02-04,-0.958038095377878,0.45709340997795017,-0.08204067161491983
14,ACURA,TLX TYPE S,2023,1,0,0.4019558654016616,8,0.0,5,0.0,1,1.0,2023-08-31,-0.8934044807464998,0.45709340997795017,-0.11446112160258952
15,ACURA,ZDX,2024,1,1,0.6881923140747228,50,0.06,23,355.0,1,5.0,2024-12-27,0.2700005826183072,0.4534582029339174,-0.085226999406404
16,AUDI,A3,2022,1,0,0.4058025164847837,9,0.0,6,13000.0,3,6.0,2022-09-30,-0.8287708661151215,0.3239731520274545,-0.029997317687344822
17,AUDI,A4,2023,0,0,0.4322905707907333,9,0.1111111111111111,6,0.0,1,,2022-12-31,-0.8287708661151215,0.45709340997795017,-0.05428421618687982
18,AUDI,A5,2023,0,0,0.34624643261016325,8,0.0,1,0.0,0,,2024-09-06,-1.1519389392720125,0.45709340997795017,-0.09418412086468735
19,AUDI,A5,2024,0,0,0.36318868318001674,7,0.0,3,16581.0,3,,2024-03-19,-1.0226717100092562,0.28730364097201416,0.02036721837159873
20,AUDI,E-TRON,2022,1,1,0.5152078535488015,29,0.034482758620689655,13,14000.0,3,5.0,2022-09-20,-0.37633556369547444,0.31373313218510873,-0.029997317687344822
21,AUDI,E-TRON GT,2022,1,0,0.42241717597460765,7,0.0,5,0.0,3,13.0,2022-07-19,-0.8934044807464998,0.45709340997795017,-0.029997317687344822
22,AUDI,E-TRON GT,2023,1,0,0.41030108191490794,9,0.0,6,4913.0,0,7.0,2024-01-19,-0.8287708661151215,0.4067841924925052,-0.09418412086468735
23,AUDI,E-TRON SPORTBACK,2022,1,1,0.5566785721150789,13,0.0,15,2707.0,0,2.0,2023-02-09,-0.24706833443271806,0.42937367626472006,-0.10806234857870735
24,AUDI,Q3,2022,1,0,0.4811122022163479,32,0.03125,9,9700.0,6,5.0,2021-12-14,-0.6348700222209871,0.35776521750719575,0.0480677132040177
25,AUDI,Q3,2024,1,0,0.4609248389590494,17,0.058823529411764705,7,2284.5,3,2.0,2024-02-21,-0.7641372514837435,0.4337000846481111,0.02036721837159873
26,AUDI,Q4 E-TRON,2023,1,1,0.6392196752577762,15,0.26666666666666666,20,2000.0,0,4.0,2024-05-25,0.07609973872417276,0.4366133702932586,-0.09418412086468735
27,AUDI,Q4 E-TRON,2024,1,1,0.5453126764437483,20,0.1,12,800.0,3,3.0,2024-07-01,-0.4409691783268526,0.44890139410407354,0.02036721837159873
28,AUDI,Q4 E-TRON SPORTBACK,2023,0,0,0.4201462638504997,10,0.3,3,1500.0,5,,2023-07-07,-1.0226717100092562,0.4417333802144314,0.1053154025243502
29,AUDI,Q5,2022,1,1,0.5691604569431703,21,0.19047619047619047,19,23000.0,0,4.0,2023-09-05,0.011466124092794582,0.22157295360399637,-0.10806234857870735
30,AUDI,Q5,2023,1,1,0.7484556900272568,40,0.15,24,0.0,6,5.0,2023-05-27,0.33463419724968546,0.45709340997795017,0.1452153072021577
31,AUDI,Q5,2024,1,1,0.5978306457798386,19,0.0,14,0.0,5,4.0,2024-03-15,-0.31170194906409626,0.45709340997795017,0.0975928403286455
32,AUDI,Q5,2025,1,1,0.7454427507062111,37,0.02702702702702703,25,6005.0,9,1.0,2025-07-29,0.39926781188106364,0.3956020908246635,0.1261327440953802
33,AUDI,Q5 E,2023,0,0,0.3854656876303998,7,0.14285714285714285,3,0.0,1,,2022-12-06,-1.0226717100092562,0.45709340997795017,-0.05428421618687982
34,AUDI,Q5 E,2024,0,0,0.4177371102037101,13,0.0,5,6794.5,3,,2024-10-17,-0.8934044807464998,0.38751759515913153,0.02036721837159873
35,AUDI,Q5 SPORTBACK,2022,1,1,0.5988406655486189,23,0.043478260869565216,12,5000.0,15,5.0,2021-11-15,-0.4409691783268526,0.4058933107662211,0.2822628058781052
36,AUDI,Q6 E-TRON,2025,1,1,0.6514143541021072,25,0.04,19,12000.0,9,3.0,2025-03-03,0.011466124092794582,0.3342131718698004,0.1261327440953802
37,AUDI,Q7,2022,1,0,0.4579820562270794,16,0.125,10,20000.0,4,3.0,2022-07-28,-0.5702364075896089,0.2522930131310338,-0.003975640723557323
38,AUDI,Q7,2023,1,0,0.4309098481998128,16,0.0,6,16135.5,5,3.0,2023-05-09,-0.8287708661151215,0.29186556981177925,0.1053154025243502
39,AUDI,Q7,2025,1,0,0.4897782790676332,13,0.0,8,0.0,6,2.0,2024-10-12,-0.6995036368523653,0.45709340997795017,0.0480677132040177
40,AUDI,Q8,2023,1,0,0.4008849985862029,7,0.14285714285714285,4,0.0,1,2.0,2023-08-16,-0.958038095377878,0.45709340997795017,-0.05428421618687982
41,AUDI,Q8,2024,1,1,0.643442024370087,18,0.0,17,0.0,5,3.0,2024-02-28,-0.11780110516996176,0.45709340997795017,0.0975928403286455
42,AUDI,S5,2025,1,0,0.4231069733169246,9,0.0,6,8577.0,4,2.0,2025-08-07,-0.8287708661151215,0.36926475979015005,-0.003975640723557323
43,BMW,530I,2022,1,0,0.35294431199249343,8,0.125,2,7000.0,2,3.0,2022-09-08,-1.0873053246406343,0.38541327108152945,-0.05767995275520387
44,BMW,530I,2024,1,0,0.45392055290777,13,0.23076923076923078,8,0.0,5,5.0,2024-08-12,-0.6995036368523653,0.45709340997795017,-0.09588198914884935
45,BMW,740I,2023,1,0,0.35970697764344667,9,0.0,6,23235.0,0,8.0,2024-05-10,-0.8287708661151215,0.2191665489410451,-0.1204817853114241
46,BMW,760I,2023,1,0,0.423818209789224,11,0.09090909090909091,6,900.0,3,8.0,2023-07-11,-0.8287708661151215,0.4478773921198389,-0.07967506461821187
47,BMW,I4,2022,1,0,0.376663940075222,9,0.3333333333333333,3,5800.0,3,8.0,2022-09-30,-1.0226717100092562,0.39770129489234446,-0.032211928492773545
48,BMW,I4,2023,1,1,0.7378769430518622,44,0.18181818181818182,26,16000.0,18,7.0,2023-02-01,0.4639014265124417,0.2932530925004171,0.12435853884784923
49,BMW,I4,2024,1,1,0.5686766654960702,25,0.32,15,1000.0,8,3.0,2023-09-16,-0.24706833443271806,0.4468533901356043,-0.07678097095202661
50,BMW,I5,2024,1,1,0.5659962993959619,20,0.1,16,9000.0,9,6.0,2024-02-17,-0.1824347198013399,0.3649332313968378,-0.07041396488641902
51,BMW,I7,2023,1,0,0.4077595242922078,8,0.25,6,4700.0,1,10.0,2023-10-17,-0.8287708661151215,0.40896531671892483,-0.10687954508035337
52,BMW,I7,2024,1,0,0.49873638437854734,15,0.06666666666666667,11,2000.0,6,5.0,2024-01-03,-0.5056027929582309,0.4366133702932586,-0.08951498308324177
53,BMW,IX,2022,1,1,0.6363842364689212,29,0.10344827586206896,16,3900.0,11,11.0,2022-07-20,-0.1824347198013399,0.41715733259280147,0.17153226560666898
54,BMW,IX,2023,1,1,0.6603001201358395,38,0.3157894736842105,17,2000.0,23,12.0,2023-01-11,-0.11780110516996176,0.4366133702932586,0.1923697400032029
55,BMW,IX,2024,1,1,0.5937714804758328,31,0.41935483870967744,16,350.0,13,4.0,2023-07-16,-0.1824347198013399,0.45350940303312914,-0.04494594062398871
56,BMW,IX,2025,1,0,0.42336852186687735,12,0.4166666666666667,7,9092.0,5,1.0,2024-09-25,-0.7641372514837435,0.363991149571342,-0.06226419712244133
57,BMW,R 18,2022,1,0,0.3726781918434703,9,0.0,3,0.0,0,1.0,2023-08-15,-1.0226717100092562,0.45709340997795017,-0.10861600128006452
58,BMW,X1,2023,1,1,0.7030788144769895,70,0.02857142857142857,23,2000.0,9,5.0,2023-03-20,0.2700005826183072,0.4366133702932586,0.0019383767682125638
59,BMW,X1,2024,1,1,0.5800799455262798,30,0.1,16,4000.0,10,2.0,2024-03-16,-0.1824347198013399,0.4161333306085669,-0.06404695882081145
60,BMW,X1,2025,1,0,0.41378952535183716,12,0.16666666666666666,5,2650.0,7,3.0,2024-11-12,-0.8934044807464998,0.42995735739573376,-0.038324254315756826
61,BMW,X3,2022,1,1,0.7062700604250023,65,0.03076923076923077,29,42500.0,6,7.0,2021-11-03,0.6578022704065762,0.021892566678252907,0.04419214429451741
62,BMW,X3,2023,1,0,0.4646501556369412,10,0.1,8,20.0,5,4.0,2023-04-20,-0.6995036368523653,0.4568886095811033,-0.05247058415607039
63,BMW,X3,2024,1,1,0.5594674953539945,32,0.125,17,17903.0,9,2.0,2023-08-30,-0.11780110516996176,0.273766334740433,-0.07041396488641902
64,BMW,X3,2025,1,1,0.6334680679456792,34,0.11764705882352941,16,1000.0,21,8.0,2024-11-17,-0.1824347198013399,0.4468533901356043,0.1292553453310347
65,BMW,X3,2026,1,1,0.6434754788047414,14,0.14285714285714285,15,455.0,10,1.0,2025-10-20,-0.24706833443271806,0.45243420094968284,0.23166510067074064
66,BMW,X5,2022,1,1,0.7325101746565722,56,0.16071428571428573,28,21000.0,5,1.0,2021-12-20,0.5931686557751981,0.24205299328868798,0.018724120032087087
67,BMW,X5,2023,1,1,0.6187561058496495,29,0.10344827586206896,18,6000.0,8,4.0,2022-10-19,-0.05316749053858359,0.39565329092387524,-0.011663863462858163
68,BMW,X5,2024,1,1,0.7715476636655445,141,0.04964539007092199,24,4500.0,70,7.0,2023-07-12,0.33463419724968546,0.411013320687394,0.3179734051156434
69,BMW,X5,2025,1,1,0.7758607041601695,56,0.10714285714285714,24,30.0,35,4.0,2024-08-19,0.33463419724968546,0.4567862093826798,0.2968349449778262
70,BMW,X5,2026,1,1,0.5118355717102546,10,0.0,7,3000.0,10,2.0,2026-01-07,-0.7641372514837435,0.42637335045091274,0.23166510067074064
71,BMW,X6,2024,1,0,0.40643007518129975,9,0.0,5,0.0,5,4.0,2024-06-13,-0.8934044807464998,0.45709340997795017,-0.09588198914884935
72,BMW,X7,2022,1,1,0.5764773410093006,18,0.0,19,25000.0,2,2.0,2022-06-28,0.011466124092794582,0.20109291391930473,-0.05767995275520387
73,BMW,X7,2023,1,1,0.5572067548548257,41,0.04878048780487805,14,5600.0,8,7.0,2022-11-23,-0.31170194906409626,0.39974929886081356,-0.011663863462858163
74,BMW,X7,2024,1,1,0.7134986935849441,62,0.03225806451612903,24,10000.0,31,6.0,2023-05-14,0.33463419724968546,0.35469321155449196,0.06966016855694775
75,BMW,X7,2025,1,1,0.6008338162795246,26,0.07692307692307693,15,0.0,14,3.0,2024-07-28,-0.24706833443271806,0.45709340997795017,0.045465545507638934
76,BMW,XM,2024,1,0,0.3483919552487167,7,0.0,2,4600.0,4,5.0,2024-03-26,-1.0873053246406343,0.4099893187031594,-0.10224899521445695
77,BUICK,ENCLAVE,2022,1,0,0.46667223335920965,12,0.16666666666666666,6,14600.0,3,1.0,2022-03-02,-0.8287708661151215,0.3075891202797012,0.234222786868036
78,BUICK,ENCLAVE,2023,0,0,0.47375018779505823,18,0.1111111111111111,7,7581.5,4,,2022-11-22,-0.7641372514837435,0.3794586995432053,0.1261327440953802
79,BUICK,ENCLAVE,2024,0,0,0.37271125137030514,7,0.14285714285714285,7,44000.0,5,,2024-02-15,-0.7641372514837435,0.00653253691473418,0.08355181815463703
80,BUICK,ENCLAVE,2025,0,1,0.725027396570317,35,0.05714285714285714,19,1900.0,17,,2024-10-23,0.011466124092794582,0.43763737227749316,0.3669845448299715
81,BUICK,ENCORE,2022,0,0,0.29815593094648635,8,0.125,1,26630.0,0,,2023-05-03,-1.1519389392720125,0.18440168157628103,-0.04200732243986213
82,BUICK,ENCORE GX,2022,1,0,0.49294162152704113,28,0.0,10,20575.0,2,1.0,2022-05-26,-0.5702364075896089,0.24640500172168495,0.14214608376540327
83,BUICK,ENCORE GX,2023,0,1,0.5761454289593418,23,0.0,11,18000.0,9,,2022-11-14,-0.5056027929582309,0.27277305281572545,0.3863495137332552
84,BUICK,ENCORE GX,2024,1,1,0.5002523117803117,25,0.0,8,10000.0,8,1.0,2023-12-17,-0.6995036368523653,0.35469321155449196,0.1923697400032029
85,BUICK,ENCORE GX,2025,0,1,0.5108384567417089,13,0.0,10,200.0,4,,2025-05-11,-0.5702364075896089,0.455045406009481,0.005101688449856924
86,BUICK,ENVISION,2022,1,1,0.6704205129889486,23,0.0,15,16000.0,6,1.0,2021-11-05,-0.24706833443271806,0.2932530925004171,0.510452896175934
87,BUICK,ENVISION,2023,1,1,0.6329302385340082,22,0.0,13,2315.0,8,1.0,2023-04-28,-0.37633556369547444,0.4333877640429196,0.33430615980568024
88,BUICK,ENVISION,2024,1,0,0.46841351413757754,9,0.0,8,1200.0,2,1.0,2024-10-01,-0.6995036368523653,0.4448053861671352,-0.025266103693928905
89,BUICK,ENVISION,2025,0,0,0.35828402173568297,7,0.0,2,2700.0,1,,2025-12-23,-1.0873053246406343,0.4294453564036165,-0.07840973994555413
90,BUICK,ENVISTA,2024,1,1,0.8211780092522554,49,0.02040816326530612,27,9500.0,16,1.0,2024-01-08,0.5285350411438199,0.3598132214756649,0.48255086493271204
91,BUICK,ENVISTA,2025,0,1,0.5780453542317978,27,0.037037037037037035,8,1850.0,19,,2024-09-11,-0.6995036368523653,0.43814937326961045,0.42265883042691216
92,CADILLAC,CT4,2024,0,0,0.2393493750390511,7,0.14285714285714285,0,45252.5,2,,2024-02-05,-1.2165725539033907,-0.006293087937803958,-0.08683413842403859
93,CADILLAC,CT5,2022,1,0,0.45060671758846643,8,0.0,4,3500.0,3,2.0,2022-07-20,-0.958038095377878,0.42125334052973984,0.18511521187996519
94,CADILLAC,CT5,2023,1,0,0.43945411457866207,11,0.2727272727272727,10,19480.0,1,1.0,2022-11-22,-0.5702364075896089,0.25761782344905365,-0.08420914469523545
95,CADILLAC,CT5,2025,0,0,0.35271791594319024,7,0.0,0,0.0,3,,2024-09-12,-1.2165725539033907,0.45709340997795017,-0.001084343283136492
96,CADILLAC,ESCALADE,2022,1,1,0.7090798404769313,71,0.056338028169014086,26,36000.0,3,4.0,2022-10-12,0.4639014265124417,0.08845269565350072,0.18511521187996519
97,CADILLAC,ESCALADE,2023,1,1,0.6990626742982231,119,0.01680672268907563,25,30000.0,10,4.0,2022-11-04,0.39926781188106364,0.14989281470757562,0.14022781911743173
98,CADILLAC,ESCALADE,2024,1,1,0.6540559843890054,41,0.0,22,9000.0,2,2.0,2024-06-24,0.20536696798692908,0.3649332313968378,-0.08683413842403859
99,CADILLAC,ESCALADE,2025,1,1,0.6451515942654531,14,0.0,19,12000.0,6,1.0,2025-01-21,0.011466124092794582,0.3342131718698004,0.09866541841138228
100,CADILLAC,ESCALADE,2026,1,1,0.5322087530723231,9,0.0,8,0.0,9,3.0,2026-01-28,-0.6995036368523653,0.45709340997795017,0.21797395690874788
101,CADILLAC,ESCALADE ESV,2022,1,1,0.5839179112369102,51,0.0196078431372549,21,42765.0,1,4.0,2022-09-03,0.14073335335555093,0.019178961420031268,0.02551559316873518
102,CADILLAC,ESCALADE ESV,2023,1,1,0.7181131065425675,70,0.04285714285714286,27,19000.0,4,4.0,2022-11-04,0.5285350411438199,0.26253303297337965,-0.009396823424346376
103,CADILLAC,ESCALADE ESV,2024,1,0,0.41648465778860255,20,0.05,9,19000.0,0,2.0,2025-01-11,-0.6348700222209871,0.26253303297337965,-0.1183340631696761
104,CADILLAC,ESCALADE ESV,2025,1,0,0.41283682427828355,10,0.0,7,12800.0,1,1.0,2025-04-09,-0.7641372514837435,0.3260211559959237,-0.06758418441281566
105,CADILLAC,LYRIQ,2023,1,1,0.6569325259405818,24,0.08333333333333333,16,1800.0,14,7.0,2023-03-15,-0.1824347198013399,0.4386613742617277,0.23997758081195053
106,CADILLAC,LYRIQ,2024,1,1,0.8773237399378461,108,0.1574074074074074,30,3400.0,50,6.0,2023-07-19,0.7224358850379544,0.4222773425139744,0.6691640554712615
107,CADILLAC,LYRIQ,2025,1,1,0.5225602003215024,14,0.14285714285714285,10,8000.0,7,3.0,2025-02-25,-0.5702364075896089,0.37517325123918366,0.13191533897622185
108,CADILLAC,OPTIQ,2025,1,1,0.5185761307630742,10,0.0,9,0.0,6,2.0,2025-04-05,-0.6348700222209871,0.45709340997795017,0.09866541841138228
109,CADILLAC,VISTIQ,2026,1,1,0.6125300529693329,17,0.0,12,0.0,11,3.0,2025-07-28,-0.4409691783268526,0.45709340997795017,0.2883855533989964
110,CADILLAC,XT4,2023,0,0,0.4938134686119587,12,0.0,10,3000.0,3,,2023-03-23,-0.5702364075896089,0.42637335045091274,-0.034334263847976075
111,CADILLAC,XT4,2024,1,1,0.6782205156459846,28,0.07142857142857142,22,3000.0,5,1.0,2023-09-01,0.20536696798692908,0.42637335045091274,-0.039584251305582324
112,CADILLAC,XT4,2025,1,0,0.36936628822540535,8,0.0,3,8640.0,2,1.0,2025-09-11,-1.0226717100092562,0.3686196385400823,-0.034334263847976075
113,CADILLAC,XT5,2022,1,0,0.39373578468341264,9,0.2222222222222222,5,17020.5,1,3.0,2022-07-06,-0.8934044807464998,0.28280315225130315,0.02551559316873518
114,CADILLAC,XT5,2023,1,1,0.5277876256661781,15,0.0,11,900.0,5,4.0,2022-10-05,-0.5056027929582309,0.4478773921198389,0.015540616999283309
115,CADILLAC,XT5,2024,1,0,0.37785305967779453,10,0.1,3,9200.0,8,3.0,2024-01-24,-1.0226717100092562,0.36288522742836865,0.007665635812873925
116,CADILLAC,XT6,2022,1,1,0.5179073687274732,14,0.07142857142857142,8,10185.0,4,3.0,2022-10-13,-0.6995036368523653,0.352798807883658,0.2649150212355802
117,CADILLAC,XT6,2023,1,0,0.30827989185333293,13,0.07692307692307693,6,64000.0,7,2.0,2022-10-03,-0.8287708661151215,-0.19826785993218218,0.06541549784654269
118,CADILLAC,XT6,2024,1,0,0.4726940338415756,14,0.0,8,1200.0,7,2.0,2024-02-06,-0.6995036368523653,0.4448053861671352,-0.008084326559944826
119,CADILLAC,XT6,2025,1,1,0.5342229380004148,8,0.0,11,0.0,4,1.0,2025-07-14,-0.5056027929582309,0.45709340997795017,0.032165577281703106
120,CHEVROLET,BLAZER,2022,1,0,0.4035577158389164,42,0.047619047619047616,18,85250.0,6,1.0,2022-05-26,-0.05316749053858359,-0.4158682815820309,-0.07507712425841331
121,CHEVROLET,BLAZER,2023,1,1,0.6295518018721625,37,0.08108108108108109,21,14000.0,9,2.0,2023-04-05,0.14073335335555093,0.31373313218510873,-0.07762189628144647
122,CHEVROLET,BLAZER,2024,1,1,0.5554171876360142,38,0.13157894736842105,18,22000.0,6,1.0,2024-01-04,-0.05316749053858359,0.23181297344634216,-0.10951223673797997
123,CHEVROLET,BLAZER,2025,1,0,0.44218518435039444,25,0.04,11,22000.0,9,1.0,2025-04-16,-0.5056027929582309,0.23181297344634216,-0.11195838524056832
124,CHEVROLET,BLAZER EV,2024,1,1,0.6584965466948653,76,0.02631578947368421,22,10690.5,23,5.0,2023-11-30,0.20536696798692908,0.3476224778533522,-0.049837892498443795
125,CHEVROLET,BLAZER EV,2025,1,0,0.441504540103338,17,0.058823529411764705,8,3550.0,10,3.0,2025-01-05,-0.6995036368523653,0.42074133953762255,-0.10974582121037568
126,CHEVROLET,BOLT EUV,2022,1,0,0.3440893924204775,23,0.0,9,50000.0,2,4.0,2022-09-23,-0.6348700222209871,-0.05490758213934074,-0.10879535356360276
127,CHEVROLET,BOLT EUV,2023,0,1,0.8022207568771385,104,0.09615384615384616,31,6500.0,35,,2022-11-20,0.7870694996693326,0.3905332810027024,0.06917963979727923
128,CHEVROLET,BOLT EV,2022,1,1,0.6526266677930583,59,0.05084745762711865,19,5000.0,22,7.0,2021-08-18,0.011466124092794582,0.4058933107662211,0.059795792962344455
129,CHEVROLET,BOLT EV,2023,1,1,0.588104006447318,57,0.14035087719298245,16,0.0,10,3.0,2022-11-21,-0.1824347198013399,0.45709340997795017,-0.07197568335534164
130,CHEVROLET,CAMARO,2022,1,0,0.3462403689363302,13,0.07692307692307693,5,23000.0,1,1.0,2022-09-07,-0.8934044807464998,0.22157295360399637,-0.11722491088990013
131,CHEVROLET,CAMARO,2023,0,0,0.4040268934352943,15,0.26666666666666666,5,0.0,4,,2023-06-11,-0.8934044807464998,0.45709340997795017,-0.10585296091197066
132,CHEVROLET,COLORADO,2022,1,1,0.548845121970904,48,0.020833333333333332,17,20000.0,4,1.0,2022-04-12,-0.11780110516996176,0.2522930131310338,-0.09193623891100806
133,CHEVROLET,COLORADO,2023,1,1,0.7977767451627329,129,0.015503875968992248,31,4250.0,26,3.0,2023-06-05,0.7870694996693326,0.4135733256479805,0.018363723462335724
134,CHEVROLET,COLORADO,2024,1,1,0.8221084549691248,114,0.05263157894736842,34,4500.0,33,3.0,2024-03-26,0.9809703435634671,0.411013320687394,-0.014735337063422537
135,CHEVROLET,COLORADO,2025,1,0,0.4237184596309689,26,0.038461538461538464,15,56106.5,16,1.0,2025-04-10,-0.24706833443271806,-0.11743826330662546,-0.09647043702921976
136,CHEVROLET,COLORADO,2026,1,0,0.44741423821291393,9,0.0,8,3950.0,6,1.0,2025-10-17,-0.6995036368523653,0.4166453316006842,-0.08171540065287249
137,CHEVROLET,CORVETTE,2022,1,0,0.4418964524254603,20,0.0,8,9250.0,9,1.0,2022-01-04,-0.6995036368523653,0.36237322643625136,-0.04978845227952123
138,CHEVROLET,CORVETTE,2023,1,1,0.5152583907846571,22,0.045454545454545456,12,812.0,5,1.0,2022-10-16,-0.4409691783268526,0.4487785138659654,-0.10020674798586582
139,CHEVROLET,CORVETTE,2024,1,1,0.6266584536224346,20,0.05,19,500.0,9,2.0,2023-11-20,0.011466124092794582,0.4519734000567773,-0.09898147010747359
140,CHEVROLET,CORVETTE,2025,1,0,0.3854994564390754,10,0.0,4,17.5,6,3.0,2025-07-09,-0.958038095377878,0.4569142096307091,-0.11859607733114627
141,CHEVROLET,EQUINOX,2022,1,1,0.758452072804741,153,0.08496732026143791,31,24000.0,14,5.0,2022-02-26,0.7870694996693326,0.21133293376165052,-0.007640665648034436
142,CHEVROLET,EQUINOX,2023,1,1,0.7539247249086037,85,0.047058823529411764,28,10002.0,26,3.0,2023-01-26,0.5931686557751981,0.35467273151480727,0.018363723462335724
143,CHEVROLET,EQUINOX,2024,1,1,0.7193433953751768,65,0.06153846153846154,27,10000.0,10,1.0,2023-12-28,0.5285350411438199,0.35469321155449196,-0.09547121456397145
144,CHEVROLET,EQUINOX,2025,0,1,0.8328018581008556,206,0.03398058252427184,34,8000.0,103,,2024-10-14,0.9809703435634671,0.37517325123918366,0.09602263359754104
145,CHEVROLET,EQUINOX,2026,1,1,0.7670811583787409,53,0.03773584905660377,25,2000.0,44,1.0,2025-07-07,0.39926781188106364,0.4366133702932586,0.20257142017650598
146,CHEVROLET,EQUINOX EV,2024,1,1,0.6066910037226455,107,0.009345794392523364,15,300.0,58,1.0,2024-06-25,-0.24706833443271806,0.4540214040252465,0.07302105152413065
147,CHEVROLET,EQUINOX EV,2025,1,1,0.7966386384190315,161,0.024844720496894408,28,500.0,135,6.0,2024-10-23,0.5931686557751981,0.4519734000567773,0.16682468256370594
148,CHEVROLET,EQUINOX EV,2026,1,0,0.4393768995008043,7,0.0,8,7861.0,7,3.0,2026-01-23,-0.6995036368523653,0.37659661399726974,-0.07423416852578357
149,CHEVROLET,MALIBU,2022,1,1,0.5371608065110153,86,0.046511627906976744,23,60000.0,1,1.0,2022-05-13,0.2700005826183072,-0.15730778056279893,-0.11722491088990013
150,CHEVROLET,MALIBU,2023,1,1,0.5833457546918881,49,0.061224489795918366,25,57619.0,8,2.0,2023-05-10,0.39926781188106364,-0.13292629331817352,-0.0832681092075513
151,CHEVROLET,MALIBU,2024,1,0,0.35396393054381997,25,0.12,9,45000.0,4,2.0,2024-07-25,-0.6348700222209871,-0.003707482927611641,-0.11653274782498423
152,CHEVROLET,MALIBU,2025,1,0,0.29143035711362686,7,0.0,0,15350.0,3,1.0,2025-04-29,-1.2165725539033907,0.29990910539794186,-0.12523376942172423
153,CHEVROLET,SILVERADO 1500,2022,1,1,0.8570552581305866,569,0.015817223198594025,40,35750.0,36,6.0,2021-12-22,1.368772031351736,0.09101270061408719,0.17780959553050746
154,CHEVROLET,SILVERADO 1500,2023,1,1,0.8805025573733422,344,0.020348837209302327,44,27500.0,30,3.0,2023-02-14,1.627306489877249,0.1754928643134402,0.04094857516675506
155,CHEVROLET,SILVERADO 1500,2024,1,1,0.8189887889273842,276,0.025362318840579712,34,9997.0,43,2.0,2024-03-08,0.9809703435634671,0.35472393161401905,0.02036721837159873
156,CHEVROLET,SILVERADO 1500,2025,0,1,0.7651241926459968,80,0.0125,29,3000.0,34,,2024-10-21,0.6578022704065762,0.42637335045091274,-0.05664428448575199
157,CHEVROLET,SILVERADO 1500,2026,1,1,0.7313243095476504,52,0.0,22,3134.0,46,3.0,2025-10-27,0.20536696798692908,0.4250011877920384,0.2175338844306838
158,CHEVROLET,SILVERADO 2500,2022,1,1,0.6315784076624641,89,0.033707865168539325,25,37000.0,4,3.0,2022-05-27,0.39926781188106364,0.0782126758111549,-0.09193623891100806
159,CHEVROLET,SILVERADO 2500,2023,1,0,0.4573393550124247,42,0.0,14,35000.0,3,1.0,2023-04-03,-0.31170194906409626,0.09869271549584656,-0.1114991738380755
160,CHEVROLET,SILVERADO 2500,2024,1,1,0.6081425819443884,135,0.014814814814814815,18,8700.0,29,3.0,2023-06-08,-0.05316749053858359,0.3680052373495416,-0.02877635923743103
161,CHEVROLET,SILVERADO 2500,2025,0,1,0.5949613855371781,19,0.05263157894736842,17,500.0,13,,2025-01-08,-0.11780110516996176,0.4519734000567773,-0.10310812911979769
162,CHEVROLET,SILVERADO 3500,2022,1,0,0.4410362997280064,27,0.07407407407407407,16,53500.0,1,3.0,2022-12-12,-0.1824347198013399,-0.09074765158755109,-0.11722491088990013
163,CHEVROLET,SILVERADO 3500,2023,1,0,0.3553465653595709,15,0.0,5,18000.0,0,1.0,2024-08-07,-0.8934044807464998,0.27277305281572545,-0.12843781261639
164,CHEVROLET,SILVERADO 3500,2024,1,1,0.6124931827528339,47,0.0425531914893617,18,2800.0,17,3.0,2023-05-12,-0.05316749053858359,0.4284213544193819,-0.07089942575945657
165,CHEVROLET,SILVERADO 3500,2025,1,0,0.42860376920776183,12,0.0,7,1500.0,6,1.0,2025-01-15,-0.7641372514837435,0.4417333802144314,-0.11859607733114627
166,CHEVROLET,SILVERADO EV,2024,1,0,0.40261488850433647,25,0.04,6,6527.5,6,4.0,2024-08-25,-0.8287708661151215,0.39025168045703784,-0.10951223673797997
167,CHEVROLET,SILVERADO EV,2025,1,1,0.5789252025853181,12,0.08333333333333333,16,0.0,10,1.0,2025-01-20,-0.1824347198013399,0.45709340997795017,-0.10974582121037568
168,CHEVROLET,SUBURBAN,2022,1,1,0.6945798168085373,105,0.0380952380952381,31,46448.0,3,4.0,2022-01-18,0.7870694996693326,-0.018535031659328387,-0.1003657962373054
169,CHEVROLET,SUBURBAN,2023,1,1,0.7038689255954721,107,0.0,30,38595.0,10,3.0,2022-11-30,0.7224358850379544,0.06187984416261333,-0.07197568335534164
170,CHEVROLET,SUBURBAN,2024,1,1,0.7112417708767058,36,0.027777777777777776,27,10800.0,1,1.0,2024-10-31,0.5285350411438199,0.3465011956806153,-0.1270635144554906
171,CHEVROLET,SUBURBAN 1500,2023,1,1,0.510282637902144,17,0.0,12,0.0,0,1.0,2024-06-12,-0.4409691783268526,0.45709340997795017,-0.12843781261639
172,CHEVROLET,SUBURBAN 1500,2025,1,0,0.3726806701389655,27,0.0,5,12944.5,12,1.0,2025-03-12,-0.8934044807464998,0.32454147312870474,-0.10532069314999036
173,CHEVROLET,SUBURBAN 1500,2026,1,0,0.44698363443935446,9,0.0,7,0.0,9,3.0,2026-02-16,-0.7641372514837435,0.45709340997795017,-0.05927170427160576
174,CHEVROLET,TAHOE,2022,1,1,0.7980470219829567,174,0.017241379310344827,40,60000.0,16,4.0,2021-11-09,1.368772031351736,-0.15730778056279893,0.009218449004560281
175,CHEVROLET,TAHOE,2023,1,1,0.6953697916789986,196,0.015306122448979591,28,32126.5,14,5.0,2023-02-13,0.5931686557751981,0.12811741251282727,-0.049390831650922305
176,CHEVROLET,TAHOE,2024,1,1,0.6519612742954823,60,0.016666666666666666,23,14000.0,6,3.0,2024-03-11,0.2700005826183072,0.31373313218510873,-0.10951223673797997
177,CHEVROLET,TAHOE,2025,1,1,0.6705314305899207,35,0.02857142857142857,22,0.0,12,1.0,2025-03-31,0.20536696798692908,0.45709340997795017,-0.10532069314999036
178,CHEVROLET,TAHOE,2026,1,1,0.6217005135599535,17,0.0,18,3783.0,14,3.0,2025-12-04,-0.05316749053858359,0.4183554149143559,-0.021865543636161222
179,CHEVROLET,TRAILBLAZER,2022,1,1,0.646783756145788,101,0.0297029702970297,25,35500.0,10,1.0,2022-01-24,0.39926781188106364,0.09357270557467363,-0.041358894953223875
180,CHEVROLET,TRAILBLAZER,2023,0,1,0.5605474982547093,61,0.06557377049180328,21,46981.0,18,,2023-02-23,0.14073335335555093,-0.023992962235298704,-0.026805979946502963
181,CHEVROLET,TRAILBLAZER,2024,0,0,0.44727985694920824,32,0.09375,9,10000.0,13,,2024-03-12,-0.6348700222209871,0.35469321155449196,-0.08494044793346506
182,CHEVROLET,TRAILBLAZER,2025,0,1,0.5270843843198038,19,0.0,13,700.0,6,,2024-08-01,-0.37633556369547444,0.4499253960883081,-0.11859607733114627
183,CHEVROLET,TRAVERSE,2022,1,0,0.4925261591508542,91,0.03296703296703297,17,47000.0,10,1.0,2022-01-30,-0.11780110516996176,-0.02418752261230328,-0.041358894953223875
184,CHEVROLET,TRAVERSE,2023,1,1,0.7368633513976279,82,0.06097560975609756,31,30000.0,12,2.0,2023-06-06,0.7870694996693326,0.14989281470757562,-0.060683257503131964
185,CHEVROLET,TRAVERSE,2024,0,1,0.7706420808520404,123,0.0,30,9010.0,29,,2024-06-21,0.7224358850379544,0.36483083119841436,-0.02877635923743103
186,CHEVROLET,TRAVERSE,2025,0,1,0.8187768728589437,167,0.023952095808383235,32,7926.0,117,,2025-01-04,0.8517031143007108,0.3759310127075172,0.1269985300202382
187,CHEVROLET,TRAVERSE,2026,1,0,0.4834373875472751,17,0.11764705882352941,9,500.0,12,1.0,2025-11-25,-0.6348700222209871,0.4519734000567773,-0.036828007890339035
188,CHEVROLET,TRAX,2022,0,0,0.24645469885881605,9,0.1111111111111111,1,44000.0,0,,2023-02-23,-1.1519389392720125,0.00653253691473418,-0.12565446821619747
189,CHEVROLET,TRAX,2024,1,1,0.845590465930929,157,0.050955414012738856,38,19000.0,50,1.0,2023-05-02,1.2395048020889796,0.26253303297337965,0.04493900717611363
190,CHEVROLET,TRAX,2025,0,1,0.7426900355049316,76,0.11842105263157894,27,5000.0,47,,2024-06-10,0.5285350411438199,0.4058933107662211,-0.0278809520932475
191,CHEVROLET,TRAX,2026,0,0,0.11798091867285322,9,0.1111111111111111,4,156000.0,8,,2025-12-31,-0.958038095377878,-1.1403496854279973,-0.06675293639869466
192,CHRYSLER,PACIFICA,2022,1,1,0.8500694212647547,191,0.031413612565445025,33,25014.5,15,9.0,2022-02-05,0.916336728932089,0.2009444336315907,0.46441454462461773
193,CHRYSLER,PACIFICA,2023,1,1,0.8489169936116565,136,0.022058823529411766,27,14000.0,12,13.0,2023-02-01,0.5285350411438199,0.31373313218510873,0.7304139091433344
194,CHRYSLER,PACIFICA,2024,1,1,0.6969058826622553,37,0.05405405405405406,22,7900.0,5,10.0,2024-08-20,0.20536696798692908,0.3761972532234182,0.0975928403286455
195,CHRYSLER,PACIFICA,2025,1,1,0.720408871184119,22,0.13636363636363635,13,24500.0,10,7.0,2025-03-08,-0.37633556369547444,0.20621292384047762,0.9631633530972116
196,CHRYSLER,PACIFICA PLUG-IN HYBRID,2022,0,1,0.8129693907361134,115,0.017391304347826087,31,31034.5,13,,2022-06-10,0.7870694996693326,0.13929951418066888,0.3896022233537287
197,CHRYSLER,PACIFICA PLUG-IN HYBRID,2023,0,1,0.6581613241351253,40,0.025,18,9832.0,4,,2023-01-24,-0.05316749053858359,0.3564135348880061,0.19841518010590103
198,CHRYSLER,PACIFICA PLUG-IN HYBRID,2024,0,1,0.7507377956128655,26,0.0,15,9000.0,24,,2024-03-05,-0.24706833443271806,0.3649332313968378,0.83123624892059
199,DODGE,CHALLENGER,2022,1,0,0.383706167896573,9,0.1111111111111111,2,10000.0,0,2.0,2023-06-05,-1.0873053246406343,0.35469321155449196,0.1053154025243502
200,DODGE,CHALLENGER,2023,1,1,0.5202361208862083,40,0.0,9,0.0,1,2.0,2023-12-26,-0.6348700222209871,0.45709340997795017,0.1053154025243502
201,DODGE,CHARGER,2022,1,0,0.41221417819767364,11,0.2727272727272727,4,11000.0,0,3.0,2023-01-27,-0.958038095377878,0.3444531917121462,0.1053154025243502
202,DODGE,CHARGER,2023,1,1,0.5862370885088815,25,0.12,18,19000.0,0,2.0,2024-03-23,-0.05316749053858359,0.26253303297337965,-0.014384311509072314
203,DODGE,CHARGER,2024,1,0,0.4425848564739796,9,0.0,7,0.0,0,2.0,2025-10-20,-0.7641372514837435,0.45709340997795017,-0.07708416171705554
204,DODGE,CHARGER,2025,1,1,0.5850976611583456,19,0.05263157894736842,11,500.0,5,2.0,2025-11-01,-0.5056027929582309,0.4519734000567773,0.2439150714051552
205,DODGE,CHARGER EV,2024,1,0,0.4318867957792578,12,0.0,7,4246.0,0,1.0,2025-04-05,-0.7641372514837435,0.4136142857273499,-0.07708416171705554
206,DODGE,CHARGER EV,2025,1,1,0.5046844250289608,8,0.125,3,200.0,8,1.0,2025-06-24,-1.0226717100092562,0.455045406009481,0.43291461987898017
207,DODGE,DURANGO,2022,1,1,0.7502407012781783,53,0.03773584905660377,23,59000.0,3,6.0,2022-04-24,0.2700005826183072,-0.14706776072045313,0.8235136867248855
208,DODGE,DURANGO,2023,1,0,0.4179459755487513,26,0.07692307692307693,12,47500.0,0,1.0,2024-10-21,-0.4409691783268526,-0.029307532533476188,-0.014384311509072314
209,DODGE,DURANGO,2024,0,0,0.4504900155548963,9,0.0,9,9500.0,0,,2025-02-13,-0.6348700222209871,0.3598132214756649,-0.07708416171705554
210,DODGE,DURANGO,2025,0,0,0.4107738864594441,7,0.0,1,28.0,4,,2025-07-11,-1.1519389392720125,0.45680668942236446,0.18091522191388015
211,DODGE,DURANGO,2026,0,1,0.5626159737256176,7,0.14285714285714285,3,0.0,7,,2026-03-19,-1.0226717100092562,0.45709340997795017,0.6639140680136552
212,DODGE,HORNET,2023,1,1,0.6849661771561113,26,0.07692307692307693,15,5000.0,4,4.0,2023-08-16,-0.24706833443271806,0.4058933107662211,0.46441454462461773
213,DODGE,HORNET,2024,1,1,0.8560274966693279,62,0.03225806451612903,27,7550.0,14,6.0,2024-02-02,0.5285350411438199,0.37978126016823927,0.7209139318390946
214,DODGE,HORNET PHEV,2024,1,0,0.41319644194888794,7,0.14285714285714285,2,8000.0,5,1.0,2024-05-09,-1.0873053246406343,0.37517325123918366,0.20791515741014088
215,FORD,BRONCO,2022,1,1,0.8798335232757926,344,0.01744186046511628,44,25000.0,51,21.0,2022-03-03,1.627306489877249,0.20109291391930473,0.009005287784814835
216,FORD,BRONCO,2023,1,1,0.8484308345727095,211,0.023696682464454975,34,10821.0,112,16.0,2022-12-30,0.9809703435634671,0.3462861552639261,0.24164007684019248
217,FORD,BRONCO,2024,1,1,0.8024097668811633,69,0.057971014492753624,33,6000.0,11,14.0,2024-03-19,0.916336728932089,0.39565329092387524,-0.06401590025463776
218,FORD,BRONCO,2025,1,1,0.7332687396978935,44,0.09090909090909091,27,7850.0,15,16.0,2025-04-18,0.5285350411438199,0.37670925421553547,-0.047423599092958166
219,FORD,BRONCO SPORT,2022,1,1,0.8211296800985485,328,0.036585365853658534,38,26000.0,26,15.0,2022-02-17,1.2395048020889796,0.1908528940769589,-0.05978765131485327
220,FORD,BRONCO SPORT,2023,1,1,0.7599657658518438,142,0.056338028169014086,32,23000.0,17,14.0,2023-02-27,0.8517031143007108,0.22157295360399637,-0.07423416852578357
221,FORD,BRONCO SPORT,2024,1,1,0.7695773943494936,88,0.056818181818181816,30,5015.5,9,8.0,2024-03-06,0.7224358850379544,0.4057345904586647,-0.07569392113594726
222,FORD,BRONCO SPORT,2025,1,1,0.5255213923375683,24,0.16666666666666666,13,5618.0,10,7.0,2025-03-11,-0.37633556369547444,0.39956497850365136,-0.07450498235843837
223,FORD,E-350,2022,1,1,0.5009984587627392,14,0.0,13,11000.0,5,3.0,2021-12-27,-0.37633556369547444,0.3444531917121462,-0.1175737201585745
224,FORD,E-450,2022,1,0,0.45372971612844387,13,0.0,9,4000.0,4,3.0,2022-03-22,-0.6348700222209871,0.4161333306085669,-0.12032543772256123
225,FORD,ECOSPORT,2022,1,0,0.32595164581105535,10,0.2,3,18417.5,2,2.0,2022-09-29,-1.0226717100092562,0.26849784453154607,-0.12582887285053468
226,FORD,EDGE,2022,1,1,0.6567854249633053,121,0.0743801652892562,30,58000.0,15,5.0,2022-05-05,0.7224358850379544,-0.13682774087810728,-0.09005654451870723
227,FORD,EDGE,2023,1,0,0.3976236337739284,18,0.05555555555555555,6,7457.5,3,4.0,2023-07-05,-0.8287708661151215,0.38072846200365623,-0.120784057316559
228,FORD,EDGE,2024,1,1,0.5384305135176034,41,0.12195121951219512,13,5000.0,17,2.0,2023-09-22,-0.37633556369547444,0.4058933107662211,-0.028981837610709216
229,FORD,ESCAPE,2022,1,1,0.785884125136681,220,0.02727272727272727,36,32000.0,14,19.0,2022-05-09,1.1102375728262233,0.129412775022884,-0.09280826208269398
230,FORD,ESCAPE,2023,1,1,0.7614525791248966,94,0.02127659574468085,32,19280.0,8,11.0,2023-08-18,0.8517031143007108,0.2596658274175228,-0.1041590970341392
231,FORD,ESCAPE,2024,1,1,0.6871533849119565,74,0.04054054054054054,25,11531.0,4,8.0,2024-05-19,0.39926781188106364,0.3390157411758606,-0.10488897333922105
232,FORD,ESCAPE,2025,1,0,0.38002345682612404,20,0.0,4,5000.0,7,9.0,2025-06-27,-0.958038095377878,0.4058933107662211,-0.09075381231772651
233,FORD,ESCAPE HYBRID,2022,0,1,0.5284811384238004,64,0.046875,17,25500.0,5,,2022-07-02,-0.11780110516996176,0.1959729039981318,-0.1175737201585745
234,FORD,ESCAPE HYBRID,2023,0,0,0.47723732463076346,22,0.09090909090909091,11,8000.0,5,,2023-06-02,-0.5056027929582309,0.37517325123918366,-0.11413407320359109
235,FORD,ESCAPE PHEV,2022,1,1,0.5591334950114881,76,0.013157894736842105,15,0.0,2,2.0,2022-07-23,-0.24706833443271806,0.45709340997795017,-0.12582887285053468
236,FORD,ESCAPE PHEV,2023,1,0,0.2994419827638713,7,0.0,2,24000.0,1,2.0,2023-12-29,-1.0873053246406343,0.21133293376165052,-0.12743404142952694
237,FORD,EXPEDITION,2022,1,1,0.7527089456727627,104,0.038461538461538464,33,30000.0,9,10.0,2022-08-18,0.916336728932089,0.14989281470757562,-0.1065668499026276
238,FORD,EXPEDITION,2023,1,1,0.7084437021374442,61,0.08196721311475409,28,21000.0,9,7.0,2023-04-26,0.5931686557751981,0.24205299328868798,-0.10083410497765527
239,FORD,EXPEDITION,2024,1,1,0.7593366396361425,68,0.08823529411764706,30,10000.0,8,6.0,2024-05-10,0.7224358850379544,0.35469321155449196,-0.08153293157660202
240,FORD,EXPEDITION,2025,1,1,0.5705922130887776,26,0.15384615384615385,16,7300.0,11,5.0,2025-07-07,-0.1824347198013399,0.3823412651288257,-0.06908870570534234
241,FORD,EXPLORER,2022,1,1,0.8474051912874365,242,0.07024793388429752,42,34000.0,31,23.0,2022-04-19,1.4980392606144926,0.10893273533819237,-0.046029063494919656
242,FORD,EXPLORER,2023,1,1,0.8240984880680244,99,0.0707070707070707,36,10628.0,19,14.0,2023-03-25,1.1102375728262233,0.34826247909349883,-0.06758418441281566
243,FORD,EXPLORER,2024,1,0,0.4078708968244236,19,0.05263157894736842,6,6560.0,7,8.0,2024-04-09,-0.8287708661151215,0.3899188798121616,-0.08737194201725679
244,FORD,EXPLORER,2025,1,1,0.7928507084079975,87,0.06896551724137931,28,1944.5,53,17.0,2024-10-22,0.5931686557751981,0.4371816913945087,0.1583949137246914
245,FORD,EXPLORER,2026,1,1,0.5808615003990001,16,0.0,13,6300.0,16,8.0,2026-03-31,-0.37633556369547444,0.3925812849711715,0.15661527996724556
246,FORD,F-150,2022,1,1,0.8897936381402173,555,0.032432432432432434,46,27000.0,47,22.0,2022-01-24,1.756573719140005,0.18061287423461309,-0.0020015824711320605
247,FORD,F-150,2023,1,1,0.8740085886546929,383,0.04177545691906005,43,22000.0,36,11.0,2023-03-30,1.5626728752458707,0.23181297344634216,-0.011059319452588368
248,FORD,F-150,2024,1,1,0.8177372473072371,178,0.09550561797752809,34,6000.0,17,10.0,2024-05-23,0.9809703435634671,0.39565329092387524,-0.028981837610709216
249,FORD,F-150,2025,1,1,0.7999072875122621,97,0.061855670103092786,30,4500.0,42,12.0,2025-03-30,0.7224358850379544,0.411013320687394,0.09881587054063495
250,FORD,F-150 HYBRID,2022,0,1,0.7884586229585993,200,0.02,34,23250.0,34,,2022-03-24,0.9809703435634671,0.2190129486434099,-0.03777391080295948
251,FORD,F-150 HYBRID,2023,0,1,0.7672155242353517,89,0.011235955056179775,30,11000.0,31,,2023-05-03,0.7224358850379544,0.3444531917121462,-0.02768427973500815
252,FORD,F-150 HYBRID,2024,0,1,0.5787086249938358,29,0.13793103448275862,18,13755.0,5,,2024-09-12,-0.05316749053858359,0.3162419370464834,-0.09904996289856631
253,FORD,F-150 HYBRID,2025,1,1,0.5742440481448662,14,0.0,15,60.0,12,2.0,2025-02-20,-0.24706833443271806,0.45647900878740943,-0.0636724290522463
254,FORD,F-150 LIGHTNING BEV,2022,1,1,0.7112058105679934,87,0.04597701149425287,27,12550.0,8,9.0,2022-09-19,0.5285350411438199,0.3285811609565102,-0.10931856746661434
255,FORD,F-150 LIGHTNING BEV,2023,1,1,0.6526455588238318,103,0.06796116504854369,22,9864.5,14,9.0,2023-02-16,0.20536696798692908,0.35608073424312986,-0.08420914469523545
256,FORD,F-150 LIGHTNING BEV,2024,1,1,0.5741653023885598,24,0.20833333333333334,18,15002.0,4,4.0,2024-10-04,-0.05316749053858359,0.3034726323030782,-0.10488897333922105
257,FORD,F-250,2022,1,1,0.6968949081639121,116,0.017241379310344827,30,39000.0,11,,2022-03-29,0.7224358850379544,0.05773263612646327,-0.10106341477465414
258,FORD,F-250 SD,2023,1,1,0.6086596637782393,43,0.046511627906976744,18,2750.0,13,15.0,2023-09-08,-0.05316749053858359,0.4289333554114992,-0.08753413675171941
259,FORD,F-250 SD,2024,1,1,0.7291405228303764,34,0.058823529411764705,27,6000.0,7,3.0,2024-01-03,0.5285350411438199,0.39565329092387524,-0.08737194201725679
260,FORD,F-250 SD,2025,1,0,0.4633431100249387,15,0.13333333333333333,9,3106.5,7,6.0,2025-07-12,-0.6348700222209871,0.4252827883377029,-0.09075381231772651
261,FORD,F-250 SD,2026,1,1,0.5268880852168039,7,0.14285714285714285,11,0.0,7,4.0,2026-02-04,-0.5056027929582309,0.45709340997795017,0.0027156476385594643
262,FORD,F-350 SD,2022,1,1,0.6919516289461674,105,0.01904761904761905,29,36038.0,15,17.0,2021-08-31,0.6578022704065762,0.08806357489949158,-0.09005654451870723
263,FORD,F-350 SD,2023,1,1,0.5371155402834527,37,0.05405405405405406,15,9500.0,4,15.0,2023-05-08,-0.24706833443271806,0.3598132214756649,-0.11745906526007507
264,FORD,F-350 SD,2024,1,1,0.7071763710908023,42,0.09523809523809523,26,12000.0,10,3.0,2024-01-31,0.4639014265124417,0.3342131718698004,-0.0698549106952925
265,FORD,F-350 SD,2025,1,0,0.36941977841911094,13,0.15384615384615385,3,2050.0,5,6.0,2025-06-09,-1.0226717100092562,0.43610136930114124,-0.1015863656239186
266,FORD,F-450 SD,2022,1,0,0.32827418734202835,24,0.0,12,75000.0,5,14.0,2022-03-29,-0.4409691783268526,-0.3109080781979862,-0.1175737201585745
267,FORD,F-450 SD,2024,1,0,0.3120958719603792,7,0.0,0,6615.5,2,3.0,2024-02-07,-1.2165725539033907,0.3893505587109114,-0.11656699422053059
268,FORD,F-550 SD,2022,1,0,0.22842784653669948,9,0.0,6,85000.0,1,12.0,2022-05-14,-0.8287708661151215,-0.41330827662144437,-0.12858059041452138
269,FORD,MAVERICK,2022,1,1,0.7067861250567603,144,0.04861111111111111,30,34115.0,10,28.0,2022-01-24,0.7224358850379544,0.10775513305632259,-0.10381513233864087
270,FORD,MAVERICK,2023,1,1,0.6902004466371681,79,0.06329113924050633,25,11188.5,11,21.0,2023-03-10,0.39926781188106364,0.34252294797186394,-0.09418412086468735
271,FORD,MAVERICK,2024,1,1,0.6604620068212002,67,0.08955223880597014,21,3850.0,14,15.0,2024-04-14,0.14073335335555093,0.41766933358491876,-0.04649886893267349
272,FORD,MAVERICK,2025,1,1,0.5164114503472481,21,0.14285714285714285,12,3400.0,11,12.0,2025-02-10,-0.4409691783268526,0.4222773425139744,-0.06908870570534234
273,FORD,MAVERICK HYBRID,2022,1,1,0.8522011996683088,456,0.013157894736842105,37,20000.0,110,1.0,2022-01-11,1.1748711874576014,0.2522930131310338,0.17135662406003158
274,FORD,MAVERICK HYBRID,2023,1,1,0.7926552586631171,256,0.01953125,33,13500.0,25,1.0,2023-01-23,0.916336728932089,0.31885314210628163,-0.04763423207391192
275,FORD,MAVERICK HYBRID,2024,1,1,0.7088028461224382,95,0.031578947368421054,24,14574.0,38,1.0,2024-01-23,0.33463419724968546,0.3078553607956022,0.09363738164304068
276,FORD,MAVERICK HYBRID,2025,1,1,0.5841956753190158,22,0.09090909090909091,16,4500.0,16,,2025-01-19,-0.1824347198013399,0.411013320687394,-0.04200732243986213
277,FORD,MUSTANG,2022,1,1,0.6071240893900021,48,0.0625,19,6220.0,3,9.0,2022-09-27,0.011466124092794582,0.3934004865585592,-0.12307715528654793
278,FORD,MUSTANG,2023,1,0,0.41424242354242014,15,0.3333333333333333,8,14000.0,5,6.0,2023-09-12,-0.6995036368523653,0.31373313218510873,-0.11413407320359109
279,FORD,MUSTANG,2024,1,1,0.7398181043835514,70,0.07142857142857142,26,2894.0,22,10.0,2023-10-15,0.4639014265124417,0.4274587925542014,0.00021321459256457532
280,FORD,MUSTANG,2025,1,0,0.4860378422570831,12,0.08333333333333333,10,0.0,6,4.0,2025-07-21,-0.5702364075896089,0.45709340997795017,-0.09617008897082255
281,FORD,MUSTANG MACH E,2022,1,1,0.7058257990127127,126,0.09523809523809523,27,18050.0,19,8.0,2022-05-20,0.5285350411438199,0.27226105182360816,-0.07904967426276034
282,FORD,MUSTANG MACH E,2023,1,1,0.7623831501879874,113,0.07079646017699115,30,12000.0,26,3.0,2023-01-28,0.7224358850379544,0.3342131718698004,-0.044309240017427955
283,FORD,MUSTANG MACH E,2024,1,1,0.667276301641491,42,0.07142857142857142,23,9500.0,7,3.0,2024-07-20,0.2700005826183072,0.3598132214756649,-0.08737194201725679
284,FORD,MUSTANG MACH E,2025,1,0,0.43493215380115124,12,0.0,7,1700.0,7,5.0,2025-07-19,-0.7641372514837435,0.43968537624596227,-0.09075381231772651
285,FORD,RANGER,2022,1,1,0.5217814509613987,36,0.027777777777777776,15,15500.0,5,5.0,2022-02-01,-0.24706833443271806,0.29837310242159004,-0.1175737201585745
286,FORD,RANGER,2023,1,0,0.4623825160587904,17,0.11764705882352941,9,1850.0,7,4.0,2023-07-18,-0.6348700222209871,0.43814937326961045,-0.10748408909062317
287,FORD,RANGER,2024,1,1,0.6381923656453146,55,0.01818181818181818,20,3100.0,7,13.0,2024-09-17,0.07609973872417276,0.42534934846667816,-0.08737194201725679
288,FORD,RANGER,2025,1,1,0.5978831657029507,27,0.1111111111111111,17,1050.0,8,12.0,2025-06-15,-0.11780110516996176,0.44634138914348703,-0.08533753566463045
289,FORD,TRANSIT,2022,1,0,0.4110441751986848,36,0.05555555555555555,7,7566.0,1,16.0,2022-10-04,-0.7641372514837435,0.37961741985076175,-0.12858059041452138
290,FORD,TRANSIT,2023,1,1,0.6885058668634357,53,0.03773584905660377,24,5000.0,9,19.0,2023-03-15,0.33463419724968546,0.4058933107662211,-0.10083410497765527
291,FORD,TRANSIT,2024,1,1,0.5008686735191766,26,0.0,11,3087.0,10,10.0,2024-05-16,-0.5056027929582309,0.42548246872462864,-0.0698549106952925
292,GMC,ACADIA,2022,1,1,0.528513725983777,45,0.06666666666666667,16,28000.0,4,3.0,2022-05-10,-0.1824347198013399,0.17037285439226726,-0.027209280869796158
293,GMC,ACADIA,2023,1,1,0.613008753268863,38,0.07894736842105263,20,20000.0,5,4.0,2022-11-19,0.07609973872417276,0.2522930131310338,-0.021865543636161222
294,GMC,ACADIA,2024,0,1,0.6963967535445105,54,0.0,24,4000.0,13,,2024-07-21,0.33463419724968546,0.4161333306085669,-0.07401965290923622
295,GMC,ACADIA,2025,0,1,0.6421935474489403,58,0.017241379310344827,17,4505.0,37,,2025-03-25,-0.11780110516996176,0.41096212058818227,0.1382865812401432
296,GMC,CANYON,2022,1,0,0.45577728387798333,23,0.043478260869565216,10,14424.0,2,1.0,2022-05-11,-0.5702364075896089,0.3093913637719541,-0.06995917873887565
297,GMC,CANYON,2023,1,1,0.7099765730559258,54,0.0,22,2900.0,12,3.0,2023-08-03,0.20536696798692908,0.4273973524351473,0.10905601858789463
298,GMC,CANYON,2024,1,1,0.8184402555224826,204,0.0,24,2125.0,166,3.0,2024-04-21,0.33463419724968546,0.43533336781296533,0.5823981337256614
299,GMC,CANYON,2025,1,0,0.3563713885502155,8,0.0,4,13500.0,3,2.0,2025-08-27,-0.958038095377878,0.31885314210628163,-0.10541343535484873
300,GMC,HUMMER EV SUV,2024,0,0,0.47978448761690184,8,0.125,10,0.0,2,,2023-11-11,-0.5702364075896089,0.45709340997795017,-0.12121308854965371
301,GMC,HUMMER EV SUV,2025,0,0,0.48142773580902826,7,0.0,10,2300.0,5,,2025-04-02,-0.5702364075896089,0.4335413643405548,-0.09107814026102569
302,GMC,SIERRA 1500,2022,1,1,0.8664934504430791,530,0.016981132075471698,38,39200.0,25,6.0,2022-02-16,1.2395048020889796,0.055684632157994116,0.4216646467555383
303,GMC,SIERRA 1500,2023,1,1,0.8878298825473141,409,0.012224938875305624,39,23000.0,27,3.0,2023-02-09,1.3041384167203578,0.22157295360399637,0.3896022233537287
304,GMC,SIERRA 1500,2024,1,1,0.793838898177667,312,0.016025641025641024,32,14800.0,39,1.0,2024-01-31,0.8517031143007108,0.3055411163112321,0.0375284676953869
305,GMC,SIERRA 1500,2025,1,1,0.7772712521314773,90,0.03333333333333333,28,16000.0,47,1.0,2025-01-05,0.5931686557751981,0.2932530925004171,0.20996305670925847
306,GMC,SIERRA 1500,2026,1,1,0.7685352165883658,58,0.0,23,5018.0,53,2.0,2025-09-23,0.2700005826183072,0.40570899040905883,0.3708991430360064
307,GMC,SIERRA 2500,2022,1,1,0.66774958043665,42,0.023809523809523808,23,15167.0,4,3.0,2022-06-28,0.2700005826183072,0.30178302902909115,-0.027209280869796158
308,GMC,SIERRA 2500,2023,1,0,0.411713725456241,28,0.03571428571428571,10,33000.0,3,1.0,2023-03-06,-0.5702364075896089,0.11917275518053819,-0.05927170427160576
309,GMC,SIERRA 2500,2024,1,1,0.7967932041092756,96,0.020833333333333332,32,8000.0,27,3.0,2023-06-18,0.8517031143007108,0.37517325123918366,-0.013955280275977611
310,GMC,SIERRA 2500,2025,0,1,0.5836874452414789,24,0.08333333333333333,15,600.0,15,,2025-01-07,-0.24706833443271806,0.4509493980725427,-0.01940166479191038
311,GMC,SIERRA 3500,2022,1,1,0.5255249212170547,27,0.1111111111111111,17,31308.0,2,3.0,2022-03-10,-0.11780110516996176,0.1364988687537873,-0.06995917873887565
312,GMC,SIERRA 3500,2023,1,1,0.5056808174754714,26,0.15384615384615385,16,33800.0,3,1.0,2023-02-20,-0.1824347198013399,0.11098073930666152,-0.05927170427160576
313,GMC,SIERRA 3500,2024,1,1,0.6321335157281711,40,0.0,22,20000.0,14,3.0,2023-12-18,0.20536696798692908,0.2522930131310338,-0.0697293405782892
314,GMC,SIERRA 3500,2025,1,1,0.5051832876980827,16,0.0,17,40000.0,9,1.0,2024-11-14,-0.11780110516996176,0.04749261628411745,-0.06240755007337955
315,GMC,TERRAIN,2022,1,0,0.3524980604381824,48,0.0,9,46000.0,0,2.0,2024-07-30,-0.6348700222209871,-0.013947502769957454,-0.11270907660795511
316,GMC,TERRAIN,2023,1,1,0.585211541628004,35,0.05714285714285714,20,24000.0,1,2.0,2023-10-05,0.07609973872417276,0.21133293376165052,-0.09667786490705031
317,GMC,TERRAIN,2024,1,1,0.6592010250277454,45,0.022222222222222223,22,6766.0,10,1.0,2024-05-13,0.20536696798692908,0.3878094357246384,-0.08689058990207736
318,GMC,TERRAIN,2025,0,0,0.41872646355026255,12,0.16666666666666666,6,1126.0,4,,2025-05-02,-0.8287708661151215,0.44556314763546884,-0.0982457878079372
319,GMC,TERRAIN,2026,1,1,0.5294199093713718,22,0.045454545454545456,11,3000.0,18,1.0,2025-08-06,-0.5056027929582309,0.42637335045091274,0.043595237475866716
320,GMC,TERRAIN NA,2022,1,0,0.48945195192215085,28,0.0,10,5400.0,4,2.0,2022-03-15,-0.5702364075896089,0.4017973028292828,-0.027209280869796158
321,GMC,YUKON,2022,1,1,0.7895347955951264,162,0.006172839506172839,34,32000.0,8,5.0,2022-02-08,0.9809703435634671,0.129412775022884,0.05829051486836279
322,GMC,YUKON,2023,1,1,0.7840817946741139,207,0.004830917874396135,34,31000.0,7,4.0,2023-03-10,0.9809703435634671,0.13965279486522983,0.015540616999283309
323,GMC,YUKON,2024,1,1,0.6405222714120496,86,0.0,23,18163.0,3,3.0,2024-05-28,0.2700005826183072,0.2711039295814231,-0.11692277621870667
324,GMC,YUKON,2025,1,1,0.6976071366082522,46,0.0,22,3150.0,25,2.0,2025-02-02,0.20536696798692908,0.42483734747456087,0.052274810677204894
325,GMC,YUKON,2026,1,1,0.6323266346139773,19,0.0,18,6651.5,19,3.0,2026-02-04,-0.05316749053858359,0.388981917996587,0.05294677763472784
326,GMC,YUKON XL,2022,1,1,0.6840200590775852,149,0.020134228187919462,31,60495.0,5,4.0,2022-01-24,0.7870694996693326,-0.1623765903847601,-0.005834331935256433
327,GMC,YUKON XL,2023,1,1,0.8058946951017683,184,0.005434782608695652,39,44000.0,4,4.0,2023-02-23,1.3041384167203578,0.00653253691473418,-0.0405686239538835
328,GMC,YUKON XL,2024,1,1,0.7026383028668882,57,0.0,27,14589.0,0,2.0,2025-01-18,0.5285350411438199,0.30770176049796705,-0.1297937132115478
329,GMC,YUKON XL,2025,1,0,0.33335137522755237,22,0.045454545454545456,8,55000.0,12,1.0,2025-04-25,-0.6995036368523653,-0.10610768135106981,-0.04090460743264497
330,GMC,YUKON XL,2026,1,1,0.5507825226258395,22,0.0,12,1825.0,19,3.0,2025-11-01,-0.4409691783268526,0.438405373765669,0.05294677763472784
331,HONDA,ACCORD,2022,1,1,0.7955234856888583,213,0.023474178403755867,33,11500.0,17,4.0,2021-12-02,0.916336728932089,0.33933318179097327,-0.05057259714708378
332,HONDA,ACCORD,2023,1,1,0.760577185866627,79,0.0759493670886076,31,13000.0,17,5.0,2023-05-20,0.7870694996693326,0.3239731520274545,-0.10864606978568721
333,HONDA,ACCORD,2024,1,1,0.8339837908844404,130,0.06153846153846154,37,10277.5,26,3.0,2024-01-10,1.1748711874576014,0.35185160604824106,-0.06604418809191782
334,HONDA,ACCORD,2025,0,1,0.7959506889469427,71,0.056338028169014086,32,3055.5,25,,2025-01-23,0.8517031143007108,0.4258050293496625,-0.06978252626834223
335,HONDA,ACCORD HYBRID,2022,1,1,0.6254939165551845,54,0.1111111111111111,21,12900.0,5,1.0,2022-03-07,0.14073335335555093,0.3249971540116891,-0.10624688274402448
336,HONDA,ACCORD HYBRID,2023,1,1,0.8049783234658743,139,0.02877697841726619,35,13779.5,25,5.0,2023-04-02,1.0456039581948453,0.31599105656034593,-0.09734031167155051
337,HONDA,ACCORD HYBRID,2024,1,1,0.7569525068389604,75,0.02666666666666667,28,3850.0,41,3.0,2023-10-16,0.5931686557751981,0.41766933358491876,-0.028244278397152826
338,HONDA,ACCORD HYBRID,2025,1,1,0.608987558897296,21,0.09523809523809523,18,2900.0,19,1.0,2024-11-26,-0.05316749053858359,0.4273973524351473,-0.0846213337931467
339,HONDA,CIVIC,2022,1,1,0.9222603106280914,877,0.03876852907639681,46,25000.0,106,4.0,2021-07-26,1.756573719140005,0.20109291391930473,0.3623450210302265
340,HONDA,CIVIC,2023,1,1,0.7984621580191111,249,0.07228915662650602,32,9888.0,105,4.0,2023-01-24,0.8517031143007108,0.35584009377683473,0.01571726946981671
341,HONDA,CIVIC,2024,1,1,0.7532942101108613,116,0.10344827586206896,28,10950.0,62,3.0,2023-11-21,0.5931686557751981,0.3449651927042635,0.0246755951755182
342,HONDA,CIVIC,2025,1,1,0.8054103777341487,62,0.14516129032258066,33,4061.0,27,2.0,2024-10-28,0.916336728932089,0.4155086893981838,-0.06483625709340743
343,HONDA,CIVIC,2026,0,1,0.5590827555468663,23,0.08695652173913043,13,300.0,18,,2025-09-17,-0.37633556369547444,0.4540214040252465,0.006304527953494527
344,HONDA,CIVIC HATCHBACK,2024,1,0,0.30366336775382924,9,0.2222222222222222,0,10000.0,4,2.0,2024-12-02,-1.2165725539033907,0.35469321155449196,-0.12148405564423984
345,HONDA,CIVIC HYBRID,2025,1,0,0.4176260207665677,7,0.0,6,0.0,7,2.0,2025-04-10,-0.8287708661151215,0.45709340997795017,-0.1142989488427556
346,HONDA,CIVIC SI,2022,0,0,0.48955389616953265,73,0.0136986301369863,12,8000.0,0,,2023-01-12,-0.4409691783268526,0.37517325123918366,-0.1294445017427498
347,HONDA,CIVIC SI,2023,0,0,0.409367056104075,61,0.0,6,6500.0,36,,2023-03-16,-0.8287708661151215,0.3905332810027024,-0.0817948942646125
348,HONDA,CR-V,2022,1,1,0.8069055706016453,234,0.021367521367521368,35,18502.5,20,3.0,2022-02-25,1.0456039581948453,0.26762744284494666,-0.036654025747848595
349,HONDA,CR-V,2023,1,1,0.8708361064090916,504,0.03968253968253968,39,7947.5,147,3.0,2022-12-28,1.3041384167203578,0.3757108522809068,0.07507249956903449
350,HONDA,CR-V,2024,1,1,0.906712879290541,368,0.06793478260869565,41,7000.0,172,2.0,2023-08-25,1.4334056459831142,0.38541327108152945,0.30187493293712825
351,HONDA,CR-V,2025,1,1,0.8923044746156993,228,0.11842105263157894,41,6100.0,107,1.0,2024-06-01,1.4334056459831142,0.39462928893964067,0.13301450990398514
352,HONDA,CR-V,2026,0,1,0.8499292449685554,96,0.07291666666666667,30,3300.0,76,,2025-07-02,0.7224358850379544,0.42330134449820894,0.43485905967809363
353,HONDA,CR-V HYBRID,2022,1,1,0.7423582029362639,73,0.0958904109589041,28,7000.0,12,4.0,2021-11-21,0.5931686557751981,0.38541327108152945,-0.07377021614580909
354,HONDA,CR-V HYBRID,2023,1,1,0.7527578440065193,105,0.009523809523809525,29,6870.0,34,4.0,2023-05-10,0.6578022704065762,0.3867444736610344,-0.0846213337931467
355,HONDA,CR-V HYBRID,2024,1,1,0.7435835332110294,77,0.025974025974025976,27,4753.5,42,2.0,2023-08-31,0.5285350411438199,0.4084174756573593,-0.025724284417501814
356,HONDA,CR-V HYBRID,2025,1,1,0.5704457533165078,27,0.18518518518518517,16,5600.0,18,3.0,2024-10-18,-0.1824347198013399,0.39974929886081356,-0.0870944683806141
357,HONDA,HR-V,2022,1,1,0.7916449072380798,81,0.12345679012345678,33,12000.0,13,3.0,2021-12-19,0.916336728932089,0.3342131718698004,-0.069130692346064
358,HONDA,HR-V,2023,1,1,0.8738423686979476,680,0.010294117647058823,35,13462.0,389,3.0,2023-01-19,1.0456039581948453,0.3192422628602908,0.41707168252167015
359,HONDA,HR-V,2024,1,1,0.7767456576779773,106,0.07547169811320754,30,8118.5,51,4.0,2023-08-06,0.7224358850379544,0.3739598088878657,-0.0030443386006428134
360,HONDA,HR-V,2025,1,1,0.604136732150782,39,0.05128205128205128,18,4402.0,17,1.0,2024-09-04,-0.05316749053858359,0.4120168426319439,-0.0895676029680815
361,HONDA,HR-V,2026,0,0,0.34678657082758557,10,0.0,1,200.0,5,,2025-08-25,-1.1519389392720125,0.455045406009481,-0.08975079812270871
362,HONDA,INSIGHT,2022,1,1,0.510305224533105,29,0.0,15,22000.0,7,3.0,2021-12-02,-0.24706833443271806,0.23181297344634216,-0.09696783514453437
363,HONDA,ODYSSEY,2022,1,1,0.8338597962977025,127,0.031496062992125984,38,20000.0,21,9.0,2021-05-07,1.2395048020889796,0.2522930131310338,-0.03201450194810355
364,HONDA,ODYSSEY,2023,1,1,0.8254034627797223,87,0.022988505747126436,39,25500.0,23,5.0,2022-09-27,1.3041384167203578,0.1959729039981318,-0.1001667512000847
365,HONDA,ODYSSEY,2024,1,1,0.6918637338219699,71,0.028169014084507043,25,8500.0,7,3.0,2023-12-18,0.39926781188106364,0.3700532413180107,-0.11392407370528686
366,HONDA,ODYSSEY,2025,1,1,0.8077223689820395,231,0.008658008658008658,33,12274.5,67,2.0,2025-02-14,0.916336728932089,0.3314022864230764,0.03408912640528887
367,HONDA,ODYSSEY,2026,1,0,0.49870698389937407,13,0.0,10,6.0,11,2.0,2025-11-04,-0.5702364075896089,0.4570319698588961,-0.045417570702922606
368,HONDA,PASSPORT,2022,1,1,0.6256077460098478,55,0.01818181818181818,25,38100.0,5,3.0,2022-02-25,0.39926781188106364,0.0669486539845745,-0.10624688274402448
369,HONDA,PASSPORT,2023,1,1,0.5965149480966364,33,0.06060606060606061,18,4261.0,7,4.0,2023-06-14,-0.05316749053858359,0.41346068542971465,-0.12277826742835814
370,HONDA,PASSPORT,2024,1,1,0.5693149058676406,15,0.13333333333333333,16,2200.0,2,1.0,2024-10-30,-0.1824347198013399,0.43456536632478937,-0.12652404360354186
371,HONDA,PASSPORT,2025,0,1,0.5631908849648377,24,0.0,15,0.0,9,,2025-01-20,-0.24706833443271806,0.45709340997795017,-0.10935267966782077
372,HONDA,PASSPORT,2026,0,1,0.6262855060609368,36,0.0,17,1200.0,22,,2025-04-16,-0.11780110516996176,0.4448053861671352,0.035860012900018605
373,HONDA,PILOT,2022,1,1,0.8257264014342078,129,0.046511627906976744,38,22000.0,13,4.0,2022-01-24,1.2395048020889796,0.23181297344634216,-0.069130692346064
374,HONDA,PILOT,2023,1,1,0.8207833602832926,114,0.017543859649122806,37,16527.0,27,5.0,2023-05-20,1.1748711874576014,0.28785660204350083,-0.09451387214301633
375,HONDA,PILOT,2024,1,1,0.7855019817465987,99,0.010101010101010102,35,30000.0,32,6.0,2023-10-13,1.0456039581948453,0.14989281470757562,-0.05092422421401183
376,HONDA,PILOT,2025,1,1,0.8559862892811657,156,0.0641025641025641,37,8217.5,86,4.0,2024-06-04,1.1748711874576014,0.37294604692347344,0.08107868356716962
377,HONDA,PILOT,2026,0,0,0.3823200042006897,8,0.0,3,0.0,8,,2026-05-20,-1.0226717100092562,0.45709340997795017,-0.06758418441281566
378,HONDA,PROLOGUE,2024,1,1,0.8786355180867678,793,0.012610340479192938,43,10000.0,16,3.0,2024-05-07,1.5626728752458707,0.35469321155449196,-0.09124412788842783
379,HONDA,PROLOGUE,2025,1,1,0.6754432580953662,134,0.029850746268656716,21,1500.0,52,1.0,2025-07-17,0.14073335335555093,0.4417333802144314,-0.0030078924067222512
380,HONDA,RIDGELINE,2022,1,1,0.7630145154993158,111,0.018018018018018018,30,18750.0,34,2.0,2021-12-17,0.7224358850379544,0.2650930379339661,0.028299307448582212
381,HONDA,RIDGELINE,2023,1,1,0.737940827767943,121,0.01652892561983471,30,20117.0,29,4.0,2022-10-27,0.7224358850379544,0.25109493080947937,-0.09168743261448213
382,HONDA,RIDGELINE,2024,1,1,0.6868378048016486,46,0.0,23,137.0,15,1.0,2024-05-20,0.2700005826183072,0.45569052725954884,-0.09376412186807885
383,HONDA,RIDGELINE,2025,1,1,0.6799133117019829,64,0.03125,22,500.0,30,2.0,2024-05-09,0.20536696798692908,0.4519734000567773,-0.057416853331005206
384,HYUNDAI,ACCENT,2022,1,0,0.4805475377945669,16,0.125,10,300.0,5,2.0,2022-02-16,-0.5702364075896089,0.4540214040252465,-0.11508407093401508
385,HYUNDAI,ELANTRA,2022,1,1,0.7665218212528377,95,0.05263157894736842,29,5500.0,34,5.0,2021-08-28,0.6578022704065762,0.40077330084504814,-0.02325095699302955
386,HYUNDAI,ELANTRA,2023,1,1,0.7617739529450532,90,0.08888888888888889,30,11500.0,28,2.0,2022-09-30,0.7224358850379544,0.33933318179097327,-0.052789137791458454
387,HYUNDAI,ELANTRA,2024,1,1,0.5110417520518041,52,0.09615384615384616,13,10000.0,12,1.0,2024-05-03,-0.37633556369547444,0.35469321155449196,-0.08763339024594283
388,HYUNDAI,ELANTRA,2025,0,0,0.48837538575810924,20,0.15,11,4000.0,10,,2025-06-10,-0.5056027929582309,0.4161333306085669,-0.1104873077222861
389,HYUNDAI,ELANTRA HYBRID,2022,1,1,0.6426462904671864,39,0.07692307692307693,21,7600.0,14,1.0,2022-02-22,0.14073335335555093,0.379269259176122,-0.08658413902129543
390,HYUNDAI,ELANTRA HYBRID,2023,0,1,0.7549864853783991,53,0.09433962264150944,28,1125.0,23,,2023-01-07,0.5931686557751981,0.4455733876553112,-0.06680549774853371
391,HYUNDAI,ELANTRA N,2022,1,0,0.3837932895939633,15,0.0,7,20000.0,5,4.0,2022-09-13,-0.7641372514837435,0.2522930131310338,-0.11508407093401508
392,HYUNDAI,ELANTRA N,2023,1,0,0.3808527004715749,13,0.23076923076923078,4,1520.0,3,1.0,2023-03-30,-0.958038095377878,0.44152857981758453,-0.12287093757683466
393,HYUNDAI,ELANTRA N,2025,1,0,0.32532916034197196,7,0.0,0,0.0,4,1.0,2025-05-07,-1.2165725539033907,0.45709340997795017,-0.12335824471512723
394,HYUNDAI,IONIQ 5,2022,1,1,0.7103259106515264,399,0.017543859649122806,28,21500.0,14,3.0,2022-04-07,0.5931686557751981,0.2369329833675151,-0.08658413902129543
395,HYUNDAI,IONIQ 5,2023,1,1,0.7998399049147716,379,0.029023746701846966,32,15500.0,76,3.0,2023-03-02,0.8517031143007108,0.29837310242159004,0.08176791779646381
396,HYUNDAI,IONIQ 5,2024,1,1,0.6737099114533822,215,0.018604651162790697,23,10120.0,22,2.0,2023-11-14,0.2700005826183072,0.3534644091734105,-0.05190213232551818
397,HYUNDAI,IONIQ 5,2025,1,1,0.7568936199175494,271,0.007380073800738007,28,8000.0,68,9.0,2025-03-19,0.5931686557751981,0.37517325123918366,0.01393174987517817
398,HYUNDAI,IONIQ 5,2026,1,0,0.4837655708890323,17,0.0,9,160.0,16,2.0,2025-12-11,-0.6348700222209871,0.45545500680317486,-0.03899546766547696
399,HYUNDAI,IONIQ 5 N,2025,0,0,0.44503972125105834,18,0.0,9,8600.0,11,,2024-12-30,-0.6348700222209871,0.3690292393337761,-0.1083421515568126
400,HYUNDAI,IONIQ 6,2023,1,1,0.6532160146618202,56,0.0,23,13250.0,7,5.0,2023-07-08,0.2700005826183072,0.32141314706686813,-0.11165784961117446
401,HYUNDAI,IONIQ 6,2024,1,1,0.547041332995902,37,0.05405405405405406,14,800.0,8,5.0,2024-04-13,-0.31170194906409626,0.44890139410407354,-0.10192589341411268
402,HYUNDAI,IONIQ 6,2025,1,1,0.5521675623587373,33,0.06060606060606061,15,3206.0,5,3.0,2025-01-02,-0.24706833443271806,0.4242639063633895,-0.12121308854965371
403,HYUNDAI,IONIQ 9,2026,1,1,0.5874031244527737,24,0.0,17,12000.0,20,2.0,2025-06-27,-0.11780110516996176,0.3342131718698004,-0.01662168934147274
404,HYUNDAI,IONIQ HYBRID,2022,0,0,0.3667972767887176,21,0.09523809523809523,6,20150.0,3,,2022-05-09,-0.8287708661151215,0.25075701015468194,-0.12141738913684168
405,HYUNDAI,KONA,2022,0,1,0.7474056789347834,94,0.031914893617021274,29,13796.0,28,,2021-09-07,0.6578022704065762,0.31582209623294727,-0.04225091160150931
406,HYUNDAI,KONA,2023,1,1,0.6044194349133324,61,0.06557377049180328,19,12000.0,20,1.0,2022-11-02,0.011466124092794582,0.3342131718698004,-0.07521531372277884
407,HYUNDAI,KONA,2024,1,1,0.5745960297462447,42,0.11904761904761904,17,11250.0,15,3.0,2023-12-05,-0.11780110516996176,0.3418931867515597,-0.07691401286981542
408,HYUNDAI,KONA,2025,0,1,0.5825875203519889,26,0.07692307692307693,17,5399.0,13,,2024-12-16,-0.11780110516996176,0.4018075428491251,-0.10405183922586554
409,HYUNDAI,KONA ELECTRIC,2022,0,0,0.3726466889558213,20,0.05,3,0.0,7,,2021-10-24,-1.0226717100092562,0.45709340997795017,-0.1087507527311885
410,HYUNDAI,KONA ELECTRIC,2024,0,0,0.397592362034424,15,0.0,5,3000.0,8,,2024-07-21,-0.8934044807464998,0.42637335045091274,-0.10192589341411268
411,HYUNDAI,KONA N,2022,1,0,0.276432531123681,7,0.0,0,22000.0,0,2.0,2023-10-08,-1.2165725539033907,0.23181297344634216,-0.13091736644108154
412,HYUNDAI,PALISADE,2022,1,1,0.886903190060062,288,0.013888888888888888,43,11000.0,41,5.0,2021-09-26,1.5626728752458707,0.3444531917121462,-0.001084343283136492
413,HYUNDAI,PALISADE,2023,1,1,0.9082620955806772,378,0.015873015873015872,46,18000.0,86,5.0,2022-08-09,1.756573719140005,0.27277305281572545,0.10980063771061427
414,HYUNDAI,PALISADE,2024,1,1,0.880045055090183,365,0.0410958904109589,36,5000.0,127,5.0,2023-08-29,1.1102375728262233,0.4058933107662211,0.32327607583894047
415,HYUNDAI,PALISADE,2025,1,1,0.9006710068383647,224,0.03125,42,5800.0,134,3.0,2024-11-04,1.4980392606144926,0.39770129489234446,0.1555120567964306
416,HYUNDAI,PALISADE,2026,1,1,0.8890016369603624,98,0.01020408163265306,37,2872.0,81,3.0,2025-10-01,1.1748711874576014,0.427684072990733,0.3245784300995914
417,HYUNDAI,SANTA CRUZ,2022,1,1,0.8509489228545524,176,0.022727272727272728,38,22500.0,80,4.0,2022-01-26,1.2395048020889796,0.22669296352516927,0.12241536167198196
418,HYUNDAI,SANTA CRUZ,2023,1,1,0.6584026137621074,74,0.02702702702702703,21,5500.0,33,2.0,2022-10-27,0.14073335335555093,0.40077330084504814,-0.03877277783438323
419,HYUNDAI,SANTA CRUZ,2024,1,1,0.6760992031910473,34,0.08823529411764706,22,1000.0,17,1.0,2023-11-20,0.20536696798692908,0.4468533901356043,-0.0697677612857305
420,HYUNDAI,SANTA CRUZ,2025,1,0,0.44139114526470663,17,0.058823529411764705,8,3522.5,10,3.0,2024-11-14,-0.6995036368523653,0.42102294008328706,-0.1104873077222861
421,HYUNDAI,SANTA FE,2022,1,1,0.8472177008975591,189,0.042328042328042326,38,10500.0,32,5.0,2021-09-01,1.2395048020889796,0.3495732016333191,-0.029584275195856137
422,HYUNDAI,SANTA FE,2023,1,1,0.8812853094276577,199,0.05527638190954774,42,9100.0,43,1.0,2022-09-03,1.4980392606144926,0.36390922941260323,-0.010740057920232754
423,HYUNDAI,SANTA FE,2024,1,1,0.8083939627971161,130,0.07692307692307693,34,15000.0,37,7.0,2024-04-08,0.9809703435634671,0.30349311234276294,0.0016947545551187705
424,HYUNDAI,SANTA FE,2025,1,1,0.8707989430780843,116,0.04310344827586207,41,10024.0,46,5.0,2024-12-24,1.4334056459831142,0.3544474510782757,-0.0332616857652393
425,HYUNDAI,SANTA FE,2026,1,1,0.5616487010880428,27,0.0,14,6087.0,25,4.0,2025-11-28,-0.31170194906409626,0.3947624091975912,0.011345533563532519
426,HYUNDAI,SANTA FE HYBRID,2022,1,1,0.629616719178339,34,0.058823529411764705,24,29250.0,5,4.0,2022-02-09,0.33463419724968546,0.157572829589335,-0.11508407093401508
427,HYUNDAI,SANTA FE HYBRID,2023,1,1,0.7530765193488408,57,0.017543859649122806,29,6800.0,17,1.0,2022-12-12,0.6578022704065762,0.3874612750499986,-0.08362512969702397
428,HYUNDAI,SANTA FE HYBRID,2024,1,1,0.5478234009065686,32,0.03125,18,26786.0,11,4.0,2024-08-13,-0.05316749053858359,0.1828042384808751,-0.09120651603798528
429,HYUNDAI,SANTA FE HYBRID,2025,1,1,0.6805489493438965,67,0.04477611940298507,23,7000.0,37,3.0,2024-11-20,0.2700005826183072,0.38541327108152945,-0.05256809125450101
430,HYUNDAI,SANTA FE PLUG-IN HYBRID,2022,1,1,0.5532384700110168,25,0.08,15,4000.0,7,5.0,2021-11-19,-0.24706833443271806,0.4161333306085669,-0.1087507527311885
431,HYUNDAI,SANTA FE PLUG-IN HYBRID,2023,1,1,0.5529057111669622,19,0.05263157894736842,19,28000.0,3,2.0,2023-09-06,0.011466124092794582,0.17037285439226726,-0.12287093757683466
432,HYUNDAI,SONATA,2022,1,1,0.7383984720446322,88,0.09090909090909091,29,15000.0,17,3.0,2021-08-27,0.6578022704065762,0.30349311234276294,-0.07708416171705554
433,HYUNDAI,SONATA,2023,1,1,0.6852379090883896,83,0.060240963855421686,25,14750.0,18,2.0,2022-12-18,0.39926781188106364,0.3060531173033494,-0.08082185770560893
434,HYUNDAI,SONATA,2024,1,1,0.562616650896247,41,0.024390243902439025,15,2000.0,11,1.0,2024-05-07,-0.24706833443271806,0.4366133702932586,-0.09120651603798528
435,HYUNDAI,SONATA,2025,0,1,0.5119599868401471,15,0.0,12,50.0,5,,2024-12-14,-0.4409691783268526,0.4565814089858329,-0.12121308854965371
436,HYUNDAI,SONATA HYBRID,2022,0,0,0.4664200196643788,19,0.0,12,16912.0,0,,2023-07-24,-0.4409691783268526,0.28391419440419774,-0.13091736644108154
437,HYUNDAI,SONATA HYBRID,2023,0,0,0.40948589522686973,15,0.2,11,34000.0,3,,2023-02-18,-0.5056027929582309,0.10893273533819237,-0.12287093757683466
438,HYUNDAI,SONATA HYBRID,2024,0,0,0.3090552668720813,9,0.0,1,15395.0,7,,2024-06-12,-1.1519389392720125,0.2994483045050363,-0.10549901920615515
439,HYUNDAI,SONATA HYBRID,2025,0,0,0.4175096055667421,11,0.09090909090909091,6,0.0,8,,2025-03-03,-0.8287708661151215,0.45709340997795017,-0.11477762005323315
440,HYUNDAI,TUCSON,2022,1,1,0.9082680697790104,361,0.0664819944598338,49,26100.0,41,3.0,2021-06-22,1.9504745630341398,0.18982889209272433,-0.001084343283136492
441,HYUNDAI,TUCSON,2023,1,1,0.812536625012533,123,0.08943089430894309,35,15000.0,34,2.0,2022-11-21,1.0456039581948453,0.30349311234276294,-0.03596950584296819
442,HYUNDAI,TUCSON,2024,1,1,0.7998605597057399,84,0.14285714285714285,34,17500.0,29,4.0,2023-09-20,0.9809703435634671,0.27789306273689834,-0.026890251781220946
443,HYUNDAI,TUCSON,2025,1,1,0.8790384336726459,257,0.11673151750972763,39,4500.0,115,5.0,2024-11-12,1.3041384167203578,0.411013320687394,0.11475408965243367
444,HYUNDAI,TUCSON,2026,1,1,0.6838217623132683,43,0.23255813953488372,20,2664.0,43,4.0,2026-01-12,0.07609973872417276,0.42981399711794094,0.11202753602155144
445,HYUNDAI,TUCSON HYBRID,2022,0,1,0.8295983786509735,105,0.05714285714285714,38,19500.0,20,,2021-08-17,1.2395048020889796,0.2574130230522067,-0.06758418441281566
446,HYUNDAI,TUCSON HYBRID,2023,0,1,0.6566367834234492,31,0.06451612903225806,24,20000.0,14,,2022-12-13,0.33463419724968546,0.2522930131310338,-0.09203494567126914
447,HYUNDAI,TUCSON HYBRID,2024,0,1,0.6832948568591675,37,0.10810810810810811,23,4433.0,18,,2023-10-11,0.2700005826183072,0.41169940201683114,-0.06619463549368804
448,HYUNDAI,TUCSON HYBRID,2025,1,1,0.7648300875274625,104,0.038461538461538464,27,780.0,84,2.0,2024-10-26,0.5285350411438199,0.44910619450092043,0.048254248522754506
449,HYUNDAI,TUCSON HYBRID,2026,1,0,0.4181626729310536,10,0.2,6,3861.0,10,3.0,2026-03-17,-0.8287708661151215,0.417556693366653,-0.07255613515148328
450,HYUNDAI,TUCSON PLUG-IN HYBRID,2022,0,0,0.2642085560537164,7,0.0,4,54228.0,3,,2022-06-07,-0.958038095377878,-0.09820238603277885,-0.12141738913684168
451,HYUNDAI,TUCSON PLUG-IN HYBRID,2023,0,0,0.44793245302283874,9,0.0,8,0.0,4,,2023-09-17,-0.6995036368523653,0.45709340997795017,-0.12006766558541962
452,HYUNDAI,VELOSTER,2022,0,0,0.3415308481514301,9,0.0,1,0.0,5,,2021-11-02,-1.1519389392720125,0.45709340997795017,-0.11508407093401508
453,HYUNDAI,VELOSTER N,2022,1,1,0.5442400082880857,24,0.0,14,0.0,3,2.0,2022-10-18,-0.31170194906409626,0.45709340997795017,-0.12141738913684168
454,HYUNDAI,VENUE,2022,1,0,0.4005184994718035,26,0.038461538461538464,6,9000.0,12,1.0,2021-12-30,-0.8287708661151215,0.3649332313968378,-0.09291745722412204
455,HYUNDAI,VENUE,2023,0,0,0.3853785459123751,23,0.08695652173913043,7,19680.5,7,,2023-04-11,-0.7641372514837435,0.2555646994706633,-0.11165784961117446
456,HYUNDAI,VENUE,2024,1,0,0.39575695777654696,18,0.0,5,3400.0,7,1.0,2024-03-21,-0.8934044807464998,0.4222773425139744,-0.10549901920615515
457,INFINITI,QX50,2022,1,0,0.48085658167321726,13,0.07692307692307693,9,5000.0,0,2.0,2023-01-25,-0.6348700222209871,0.4058933107662211,-0.001084343283136492
458,INFINITI,QX55,2022,1,0,0.2879187347761743,8,0.0,6,80000.0,1,1.0,2022-07-07,-0.8287708661151215,-0.3621081774097153,0.13191533897622185
459,INFINITI,QX60,2022,1,1,0.6546329229186834,22,0.0,9,13000.0,6,2.0,2021-12-29,-0.6348700222209871,0.3239731520274545,0.7969137502730137
460,INFINITI,QX60,2023,1,1,0.6476558024701933,27,0.0,13,38000.0,11,3.0,2022-12-20,-0.37633556369547444,0.06797265596880908,0.763663829708174
461,INFINITI,QX60,2024,1,1,0.7802611963215393,16,0.0625,18,15000.0,4,3.0,2024-06-12,-0.05316749053858359,0.30349311234276294,0.8634135914026928
462,INFINITI,QX60,2025,1,1,0.5789063687730581,14,0.0,3,0.0,12,1.0,2025-01-17,-1.0226717100092562,0.45709340997795017,0.7304139091433344
463,INFINITI,QX80,2025,1,0,0.3916932386757314,8,0.125,1,3000.0,3,3.0,2024-12-26,-1.1519389392720125,0.42637335045091274,0.13191533897622185
464,JAGUAR,I-PACE,2024,1,0,0.4472354479425722,17,0.0,2,0.0,0,2.0,2025-07-07,-1.0873053246406343,0.45709340997795017,0.2649150212355802
465,JEEP,CHEROKEE,2022,1,0,0.4888276009541044,44,0.045454545454545456,15,29000.0,2,3.0,2022-09-11,-0.24706833443271806,0.16013283454992147,-0.11121146872082176
466,JEEP,COMPASS,2022,1,1,0.8323875308754085,217,0.05069124423963134,35,10000.0,23,4.0,2022-04-05,1.0456039581948453,0.35469321155449196,0.04889642903088989
467,JEEP,COMPASS,2023,1,1,0.6882748224406773,45,0.044444444444444446,24,10000.0,13,2.0,2023-03-26,0.33463419724968546,0.35469321155449196,-0.05071109039483736
468,JEEP,COMPASS,2024,0,1,0.6879361706374363,49,0.12244897959183673,25,12000.0,4,,2024-10-05,0.39926781188106364,0.3342131718698004,-0.09644260603512926
469,JEEP,COMPASS,2025,0,1,0.6448861076023145,20,0.2,21,10731.0,9,,2024-12-04,0.14073335335555093,0.34720775704973716,-0.04475588074143327
470,JEEP,GLADIATOR,2022,1,1,0.7339926146094651,112,0.03571428571428571,29,18350.0,8,7.0,2022-05-24,0.6578022704065762,0.2691890458709044,-0.06546635507747556
471,JEEP,GLADIATOR,2023,1,1,0.5380268202807597,55,0.0,19,38000.0,8,5.0,2023-05-28,0.011466124092794582,0.06797265596880908,-0.08048713866185789
472,JEEP,GLADIATOR,2024,1,1,0.5516813066954758,18,0.0,17,15500.0,0,1.0,2025-02-20,-0.11780110516996176,0.29837310242159004,-0.12655574164102174
473,JEEP,GLADIATOR,2025,0,1,0.5554842962354969,14,0.14285714285714285,15,5000.0,4,,2025-05-16,-0.24706833443271806,0.4058933107662211,-0.08941995314196403
474,JEEP,GRAND CHEROKEE,2022,1,1,0.8679735590549981,248,0.024193548387096774,45,28600.0,0,11.0,2023-06-17,1.691940104508627,0.16422884248685976,-0.1264598399352705
475,JEEP,GRAND CHEROKEE,2023,1,1,0.9264320238410225,371,0.03773584905660377,45,13233.0,83,19.0,2022-10-25,1.691940104508627,0.321587227404188,0.36615358534345
476,JEEP,GRAND CHEROKEE,2024,1,1,0.8500298091922084,232,0.034482758620689655,36,12000.0,35,14.0,2024-01-01,1.1102375728262233,0.3342131718698004,0.13693419491053727
477,JEEP,GRAND CHEROKEE,2025,1,1,0.7952723395656999,59,0.0847457627118644,29,5290.5,30,3.0,2025-04-11,0.6578022704065762,0.40291858500201966,0.14283322334079604
478,JEEP,GRAND CHEROKEE,2026,1,1,0.5503296525277472,8,0.0,7,0.0,8,3.0,2026-03-07,-0.7641372514837435,0.45709340997795017,0.35559662277605186
479,JEEP,GRAND CHEROKEE 4XE,2022,1,1,0.8302649579843755,147,0.05442176870748299,33,6300.0,33,11.0,2022-02-24,0.916336728932089,0.3925812849711715,0.12513828510313355
480,JEEP,GRAND CHEROKEE 4XE,2023,1,1,0.7526236965469054,95,0.010526315789473684,27,536.0,18,2.0,2023-03-03,0.5285350411438199,0.4516047593424528,-0.02093504212781683
481,JEEP,GRAND CHEROKEE 4XE,2024,1,1,0.568548964489095,22,0.045454545454545456,16,15000.0,17,2.0,2024-02-28,-0.1824347198013399,0.30349311234276294,0.001425084684021223
482,JEEP,GRAND CHEROKEE L,2022,1,1,0.6088238302165738,64,0.03125,28,62000.0,0,3.0,2024-12-11,0.5931686557751981,-0.17778782024749057,-0.1264598399352705
483,JEEP,GRAND CHEROKEE L,2023,1,1,0.6181402624268567,67,0.029850746268656716,28,58000.0,0,5.0,2024-12-16,0.5931686557751981,-0.13682774087810728,-0.12812881588909072
484,JEEP,GRAND CHEROKEE L,2024,1,1,0.5813379390093353,34,0.058823529411764705,18,10750.0,1,6.0,2024-12-29,-0.05316749053858359,0.3470131966727326,-0.11902745773954862
485,JEEP,GRAND CHEROKEE L,2025,1,1,0.696890473175143,30,0.16666666666666666,22,1857.0,18,1.0,2025-02-24,0.20536696798692908,0.438077693130714,0.035639449579522156
486,JEEP,GRAND WAGONEER,2022,1,1,0.7487528845821725,55,0.01818181818181818,32,32000.0,11,9.0,2022-01-05,0.8517031143007108,0.129412775022884,-0.04259379825580247
487,JEEP,GRAND WAGONEER,2023,1,1,0.7269324800220629,44,0.045454545454545456,28,11747.0,4,7.0,2023-08-02,0.5931686557751981,0.3368038968899138,-0.1043079772754743
488,JEEP,GRAND WAGONEER,2024,1,1,0.6579387320424956,32,0.03125,27,35000.0,0,6.0,2025-01-28,0.5285350411438199,0.09869271549584656,-0.12655574164102174
489,JEEP,RENEGADE,2022,1,1,0.5736303036197953,23,0.043478260869565216,17,10520.0,5,2.0,2022-08-01,-0.11780110516996176,0.34936840123647217,-0.08833891189914864
490,JEEP,RENEGADE,2023,1,0,0.3672319612516906,20,0.0,5,13000.0,0,2.0,2024-05-17,-0.8934044807464998,0.3239731520274545,-0.12812881588909072
491,JEEP,WAGONEER,2022,1,1,0.8383683488632951,186,0.05913978494623656,39,31000.0,23,9.0,2022-01-06,1.3041384167203578,0.13965279486522983,0.04889642903088989
492,JEEP,WAGONEER,2023,1,1,0.7692046997595416,91,0.054945054945054944,34,30000.0,8,7.0,2023-06-05,0.9809703435634671,0.14989281470757562,-0.08048713866185789
493,JEEP,WAGONEER,2024,1,1,0.6602330964292885,42,0.047619047619047616,24,20213.5,7,6.0,2024-01-29,0.33463419724968546,0.25010676889469297,-0.07385775433070992
494,JEEP,WAGONEER S,2024,1,1,0.5281690938083717,23,0.08695652173913043,18,31057.0,0,5.0,2025-06-06,-0.05316749053858359,0.13906911373421613,-0.12655574164102174
495,JEEP,WAGONEER S,2025,1,1,0.677861402130126,43,0.0,20,500.0,21,6.0,2025-05-19,0.07609973872417276,0.4519734000567773,0.06243789301984064
496,JEEP,WRANGLER,2022,1,1,0.8824492268830277,369,0.03523035230352303,39,15000.0,50,14.0,2022-03-05,1.3041384167203578,0.30349311234276294,0.2547494404259477
497,JEEP,WRANGLER,2023,1,1,0.895305180506333,332,0.03313253012048193,40,9000.0,65,13.0,2022-11-17,1.368772031351736,0.3649332313968378,0.2589598115821761
498,JEEP,WRANGLER,2024,1,1,0.8746784912116715,638,0.01567398119122257,41,10000.0,17,10.0,2023-09-20,1.4334056459831142,0.35469321155449196,0.001425084684021223
499,JEEP,WRANGLER,2025,1,1,0.7476101714055544,57,0.05263157894736842,23,0.0,37,3.0,2025-07-15,0.2700005826183072,0.45709340997795017,0.20536292470153913
500,JEEP,WRANGLER 4XE,2024,1,1,0.8616561008981027,211,0.009478672985781991,33,14000.0,76,3.0,2023-10-29,0.916336728932089,0.31373313218510873,0.4455938348709349
501,JEEP,WRANGLER 4XE,2025,1,0,0.39861876705567206,8,0.25,5,6420.0,7,2.0,2025-02-21,-0.8934044807464998,0.39135248259009003,-0.06262150970164557
502,KIA,CARNIVAL,2022,1,1,0.7772873037098909,131,0.030534351145038167,28,1875.0,43,6.0,2021-05-12,0.5931686557751981,0.4378933727735518,0.06541549784654269
503,KIA,CARNIVAL,2023,1,1,0.5478913799095929,46,0.021739130434782608,18,30000.0,18,4.0,2022-07-01,-0.05316749053858359,0.14989281470757562,-0.05802066210988521
504,KIA,CARNIVAL,2024,1,1,0.6875334431954978,64,0.03125,23,5250.0,24,2.0,2023-06-15,0.2700005826183072,0.40333330580563465,-0.03817079314391909
505,KIA,CARNIVAL,2025,1,1,0.7558468258318725,118,0.0,27,2400.0,33,1.0,2024-07-23,0.5285350411438199,0.4325173623563202,0.015540616999283309
506,KIA,CARNIVAL,2026,1,1,0.5671603621399944,20,0.1,13,2379.0,12,2.0,2025-08-10,-0.37633556369547444,0.43273240277300945,0.06042800976181676
507,KIA,CARNIVAL HYBRID,2025,0,1,0.529187962170016,51,0.0196078431372549,11,2500.0,38,,2024-11-11,-0.5056027929582309,0.43149336037208563,0.03754424090248597
508,KIA,CARNIVAL HYBRID,2026,1,0,0.4816533213193117,10,0.0,8,0.0,9,1.0,2025-11-02,-0.6995036368523653,0.45709340997795017,0.015540616999283309
509,KIA,EV6,2022,1,1,0.7943795292658473,271,0.04059040590405904,33,12000.0,17,3.0,2022-04-04,0.916336728932089,0.3342131718698004,-0.05247058415607039
510,KIA,EV6,2023,1,1,0.7013756085336914,131,0.015267175572519083,25,8000.0,14,3.0,2023-05-26,0.39926781188106364,0.37517325123918366,-0.07403400177990828
511,KIA,EV6,2024,1,1,0.6108193370455264,68,0.08823529411764706,21,20000.0,9,2.0,2024-03-12,0.14073335335555093,0.2522930131310338,-0.09571873258306456
512,KIA,EV6,2025,0,1,0.5359705016406402,50,0.02,13,0.0,9,,2025-08-16,-0.37633556369547444,0.45709340997795017,-0.0900767777360895
513,KIA,EV9,2024,1,1,0.7832193849102852,204,0.004901960784313725,26,10600.0,117,6.0,2024-02-21,0.4639014265124417,0.3485491996490845,0.3186264313787826
514,KIA,EV9,2025,1,1,0.5869167933587813,18,0.0,16,0.0,12,3.0,2025-01-20,-0.1824347198013399,0.45709340997795017,-0.07687460339416789
515,KIA,EV9,2026,1,0,0.49013626633226154,16,0.0,7,600.0,16,1.0,2026-01-09,-0.7641372514837435,0.4509493980725427,0.12027786677852799
516,KIA,FORTE,2022,1,1,0.5325214451600822,25,0.12,16,17320.0,2,1.0,2021-12-02,-0.1824347198013399,0.2797362663085206,-0.1204817853114241
517,KIA,FORTE,2023,1,1,0.5920923752242727,56,0.17857142857142858,20,25000.0,18,3.0,2022-12-20,0.07609973872417276,0.20109291391930473,-0.05802066210988521
518,KIA,FORTE,2024,0,0,0.3691140830408034,22,0.22727272727272727,7,26500.0,5,,2024-03-03,-0.7641372514837435,0.18573288415578598,-0.11106484976683667
519,KIA,K4,2025,1,1,0.6370603698357613,40,0.2,19,1300.0,19,2.0,2025-03-03,0.011466124092794582,0.44378138418290064,-0.04606952992968416
520,KIA,K5,2022,1,1,0.7846661572204792,120,0.11666666666666667,38,47940.0,14,5.0,2021-06-09,1.2395048020889796,-0.03381314126410835,-0.06607282438714115
521,KIA,K5,2023,1,1,0.7208539523729129,97,0.061855670103092786,31,37000.0,15,4.0,2022-10-11,0.7870694996693326,0.0782126758111549,-0.07003066686240252
522,KIA,K5,2024,1,1,0.60012251680113,26,0.038461538461538464,19,11749.5,9,2.0,2023-12-04,0.011466124092794582,0.336778296840308,-0.09571873258306456
523,KIA,K5,2025,1,1,0.7071532318086293,45,0.08888888888888889,24,3429.0,23,2.0,2024-08-08,0.33463419724968546,0.42198038193854637,-0.02846663080712202
524,KIA,K5,2026,1,0,0.4652878859298768,10,0.0,7,99.5,9,1.0,2025-12-04,-0.7641372514837435,0.45607452800363674,0.015540616999283309
525,KIA,NIRO,2022,1,0,0.4151924139951189,27,0.18518518518518517,13,45000.0,3,1.0,2022-04-27,-0.37633556369547444,-0.003707482927611641,-0.11594770523440052
526,KIA,NIRO,2023,1,1,0.6743059787806783,40,0.2,22,600.0,12,2.0,2023-03-30,0.20536696798692908,0.4509493980725427,-0.08204067161491983
527,KIA,NIRO,2024,1,0,0.38458423420359683,8,0.25,16,74999.5,0,1.0,2025-02-14,-0.1824347198013399,-0.310902958188065,-0.13024749624655182
528,KIA,NIRO,2025,1,0,0.3220119982339825,13,0.15384615384615385,5,35000.0,6,1.0,2025-03-17,-0.8934044807464998,0.09869271549584656,-0.1032789520780111
529,KIA,NIRO EV,2022,1,0,0.49702124298019573,28,0.14285714285714285,12,9500.0,10,2.0,2021-09-28,-0.4409691783268526,0.3598132214756649,-0.08420914469523545
530,KIA,NIRO EV,2023,1,1,0.5230986125948232,15,0.13333333333333333,14,9015.0,4,3.0,2023-02-13,-0.31170194906409626,0.36477963109920264,-0.114067350954966
531,KIA,NIRO PHEV,2022,1,0,0.38390609265847353,12,0.0,6,14000.0,4,1.0,2022-03-10,-0.8287708661151215,0.31373313218510873,-0.11141362515737695
532,KIA,RIO,2022,1,0,0.2554603553727646,10,0.2,6,70500.0,0,1.0,2023-01-23,-0.8287708661151215,-0.26482798890743003,-0.12954994546547127
533,KIA,RIO,2023,0,0,0.21469126279834416,12,0.0,7,100900.0,5,,2023-03-16,-0.7641372514837435,-0.5761245921147429,-0.11006401603746023
534,KIA,SELTOS,2022,1,1,0.7173107157151343,68,0.08823529411764706,31,36000.0,7,1.0,2021-12-15,0.7870694996693326,0.08845269565350072,-0.09781138492630621
535,KIA,SELTOS,2023,1,1,0.5365619045509206,44,0.06818181818181818,21,50656.5,11,2.0,2022-09-01,0.14073335335555093,-0.061630155165840764,-0.0860440065324256
536,KIA,SELTOS,2024,1,1,0.6101653633621518,41,0.0975609756097561,18,209.0,6,2.0,2023-08-22,-0.05316749053858359,0.4549532458308999,-0.10722832047089365
537,KIA,SELTOS,2025,0,0,0.3840339297454735,10,0.1,5,8000.0,5,,2024-11-10,-0.8934044807464998,0.37517325123918366,-0.10767967685865162
538,KIA,SORENTO,2022,1,1,0.8721020173953798,181,0.022099447513812154,42,23508.0,40,6.0,2022-01-11,1.4980392606144926,0.2163710235240847,0.051813257615471946
539,KIA,SORENTO,2023,1,1,0.8138535036634608,104,0.019230769230769232,35,12000.0,18,3.0,2022-11-30,1.0456039581948453,0.3342131718698004,-0.05802066210988521
540,KIA,SORENTO,2024,1,1,0.628515138639209,36,0.1111111111111111,23,23417.0,4,2.0,2024-03-11,0.2700005826183072,0.21730286532973814,-0.11490137906277971
541,KIA,SORENTO,2025,1,1,0.7834726434652439,67,0.07462686567164178,29,2800.0,40,3.0,2024-11-22,0.6578022704065762,0.4284213544193819,0.046345690463767034
542,KIA,SORENTO HYBRID,2022,1,0,0.44828827684993205,12,0.0,10,12000.0,1,4.0,2022-11-04,-0.5702364075896089,0.3342131718698004,-0.12501586538844767
543,KIA,SORENTO HYBRID,2023,1,1,0.6154148789511085,30,0.03333333333333333,20,12350.0,10,2.0,2023-01-25,0.07609973872417276,0.3306291649249793,-0.09004734144993136
544,KIA,SORENTO HYBRID,2025,1,1,0.5048128707983829,35,0.02857142857142857,11,2150.0,15,2.0,2025-02-17,-0.5056027929582309,0.43507736731690666,-0.0636724290522463
545,KIA,SORENTO PHEV,2022,1,0,0.47670452845369077,21,0.047619047619047616,12,17000.0,9,5.0,2022-04-14,-0.4409691783268526,0.28301307265807124,-0.08874322477225903
546,KIA,SORENTO PHEV,2023,1,0,0.28558258570900696,8,0.0,5,50000.0,2,2.0,2022-11-17,-0.8934044807464998,-0.05490758213934074,-0.12207402078997752
547,KIA,SOUL,2022,1,1,0.5938576529909524,87,0.04597701149425287,26,56500.0,3,1.0,2021-10-12,0.4639014265124417,-0.12146771111458855,-0.11594770523440052
548,KIA,SOUL,2023,1,1,0.7067408476925934,48,0.10416666666666667,27,18500.0,15,4.0,2022-09-25,0.5285350411438199,0.26765304289455255,-0.07003066686240252
549,KIA,SOUL,2024,0,1,0.5821843531033526,27,0.0,17,6000.0,8,,2024-06-23,-0.11780110516996176,0.39565329092387524,-0.0995552618790076
550,KIA,SOUL,2025,0,0,0.45099780398980505,11,0.18181818181818182,8,0.0,5,,2025-07-02,-0.6995036368523653,0.45709340997795017,-0.10767967685865162
551,KIA,SPORTAGE,2022,1,1,0.751868631813872,42,0.14285714285714285,31,20000.0,10,1.0,2022-01-09,0.7870694996693326,0.2522930131310338,-0.08420914469523545
552,KIA,SPORTAGE,2023,1,1,0.8777492548428661,182,0.13186813186813187,42,24943.5,62,6.0,2022-04-18,1.4980392606144926,0.20167147504039726,0.11812607426036865
553,KIA,SPORTAGE,2024,1,1,0.7173952408680311,64,0.109375,28,20600.0,18,3.0,2023-10-23,0.5931686557751981,0.2461490012256263,-0.06118996891957728
554,KIA,SPORTAGE,2025,1,1,0.6672114826914954,49,0.061224489795918366,23,17000.0,27,1.0,2025-02-26,0.2700005826183072,0.28301307265807124,-0.0108637316845599
555,KIA,SPORTAGE,2026,1,1,0.6587951587408908,19,0.21052631578947367,18,465.0,15,1.0,2025-07-29,-0.05316749053858359,0.45233180075125934,0.1053154025243502
556,KIA,SPORTAGE HYBRID,2023,1,1,0.8462846321407943,90,0.044444444444444446,37,4850.0,25,1.0,2022-09-01,1.1748711874576014,0.4074293137425729,-0.029997317687344822
557,KIA,SPORTAGE HYBRID,2024,0,1,0.5860280846262992,18,0.05555555555555555,18,11516.0,10,,2024-03-15,-0.05316749053858359,0.33916934147349576,-0.09188220328712153
558,KIA,SPORTAGE HYBRID,2025,0,1,0.583712355462884,13,0.23076923076923078,16,0.0,9,,2024-12-30,-0.1824347198013399,0.45709340997795017,-0.0900767777360895
559,KIA,SPORTAGE PHEV,2023,1,0,0.41997775903780915,15,0.0,7,5000.0,3,2.0,2023-06-20,-0.7641372514837435,0.4058933107662211,-0.11807068587247176
560,KIA,SPORTAGE PHEV,2024,1,0,0.4832758946751719,12,0.25,10,0.0,6,1.0,2024-09-28,-0.5702364075896089,0.45709340997795017,-0.10722832047089365
561,KIA,STINGER,2022,1,0,0.2621141310443769,15,0.0,11,100000.0,3,1.0,2021-06-05,-0.5056027929582309,-0.5669085742566315,-0.11594770523440052
562,KIA,TELLURIDE,2022,1,1,0.8895962600783504,308,0.032467532467532464,42,32000.0,96,6.0,2021-07-14,1.4980392606144926,0.129412775022884,0.3057217419287925
563,KIA,TELLURIDE,2023,1,1,0.8930745783275766,193,0.025906735751295335,42,9000.0,59,5.0,2022-12-16,1.4980392606144926,0.3649332313968378,0.10611606950785135
564,KIA,TELLURIDE,2024,1,1,0.8868279486645216,201,0.024875621890547265,39,5433.0,86,4.0,2023-07-31,1.3041384167203578,0.40145938217448535,0.19969402320454874
565,KIA,TELLURIDE,2025,1,1,0.8291418679116898,83,0.03614457831325301,35,4699.5,23,3.0,2024-11-04,1.0456039581948453,0.408970436728846,-0.02846663080712202
566,LAND ROVER,DEFENDER,2022,1,1,0.7842728044938034,64,0.03125,19,8000.0,16,5.0,2021-11-03,0.011466124092794582,0.37517325123918366,0.7506529912262802
567,LAND ROVER,DEFENDER,2023,1,1,0.7286216877421677,75,0.0,22,50500.0,21,8.0,2022-05-23,0.20536696798692908,-0.06002759206051363,0.6888515084372849
568,LAND ROVER,DEFENDER,2024,1,1,0.632247382368279,21,0.0,12,4500.0,5,5.0,2023-11-29,-0.4409691783268526,0.411013320687394,0.4183761930733014
569,LAND ROVER,DEFENDER,2025,1,1,0.5083629868224919,11,0.0,8,0.0,2,1.0,2025-07-09,-0.6995036368523653,0.45709340997795017,0.12241536167198196
570,LAND ROVER,DISCOVERY,2022,1,0,0.2922236212155361,7,0.0,9,76000.0,0,3.0,2025-11-05,-0.6348700222209871,-0.321148098040332,-0.08204067161491983
571,LAND ROVER,DISCOVERY,2023,1,0,0.36911072930693883,7,0.0,2,0.0,1,3.0,2023-06-23,-1.0873053246406343,0.45709340997795017,-0.05927170427160576
572,LAND ROVER,DISCOVERY,2024,1,0,0.41046123481864016,7,0.0,3,0.0,1,2.0,2024-07-16,-1.0226717100092562,0.45709340997795017,0.050069380662770585
573,LAND ROVER,RANGE ROVER,2023,1,0,0.49595183591561715,21,0.09523809523809523,11,17000.0,4,8.0,2023-04-27,-0.5056027929582309,0.28301307265807124,0.05294677763472784
574,LAND ROVER,RANGE ROVER,2024,1,1,0.5309909516320188,10,0.3,11,21000.0,3,7.0,2024-04-03,-0.5056027929582309,0.24205299328868798,0.234222786868036
575,LAND ROVER,RANGE ROVER,2025,1,0,0.4999157504556498,7,0.0,8,3300.0,2,2.0,2025-02-04,-0.6995036368523653,0.42330134449820894,0.12241536167198196
576,LAND ROVER,RANGE ROVER EVOQUE,2023,1,0,0.31697661111998804,7,0.0,0,10000.0,1,4.0,2023-11-22,-1.2165725539033907,0.35469321155449196,-0.05927170427160576
577,LAND ROVER,RANGE ROVER SPORT,2022,1,0,0.3510717372835745,14,0.0,10,61000.0,1,6.0,2022-04-05,-0.5702364075896089,-0.16754780040514475,-0.029997317687344822
578,LAND ROVER,RANGE ROVER SPORT,2023,1,0,0.42830766156862904,21,0.047619047619047616,10,30000.0,2,6.0,2022-11-22,-0.5702364075896089,0.14989281470757562,-0.021865543636161222
579,LAND ROVER,RANGE ROVER SPORT,2024,1,1,0.5046530409647836,13,0.0,10,16000.0,2,6.0,2024-08-01,-0.5702364075896089,0.2932530925004171,0.14214608376540327
580,LAND ROVER,RANGE ROVER SPORT,2025,1,1,0.5097390727180968,8,0.25,7,1500.0,3,3.0,2025-02-03,-0.7641372514837435,0.4417333802144314,0.20791515741014088
581,LAND ROVER,RANGE ROVER VELAR,2022,1,0,0.41944424578744677,8,0.125,6,22750.0,4,3.0,2022-06-01,-0.8287708661151215,0.22413295856458282,0.1261327440953802
582,LEXUS,ES,2022,0,0,0.34729831880096673,8,0.0,2,6832.5,0,,2023-09-11,-1.0873053246406343,0.3871284744051224,-0.08420914469523545
583,LEXUS,ES,2023,1,0,0.3435969755542181,8,0.375,8,50090.5,1,2.0,2022-11-19,-0.6995036368523653,-0.05583430393507303,-0.045417570702922606
584,LEXUS,ES,2024,1,0,0.35470256079900997,9,0.2222222222222222,2,10100.0,5,2.0,2023-11-26,-1.0873053246406343,0.3536692095702574,-0.01824559260692466
585,LEXUS,GX,2024,1,1,0.541597932673878,17,0.058823529411764705,15,8000.0,0,4.0,2025-02-19,-0.24706833443271806,0.37517325123918366,-0.11477762005323315
586,LEXUS,GX,2025,1,0,0.44862039982416646,12,0.0,6,2435.0,5,2.0,2025-08-05,-0.8287708661151215,0.43215896166183815,0.03691556593382304
587,LEXUS,LX,2023,1,0,0.35835010993040306,11,0.0,5,20500.0,0,5.0,2024-06-13,-0.8934044807464998,0.2471730032098609,-0.08975079812270871
588,LEXUS,NX,2022,1,1,0.5740108100358877,25,0.28,19,47748.0,5,2.0,2022-09-26,0.011466124092794582,-0.03184705745437795,0.16516525954106143
589,LEXUS,NX,2023,1,0,0.42150651383942817,13,0.07692307692307693,6,9500.0,2,3.0,2023-09-16,-0.8287708661151215,0.3598132214756649,-0.001084343283136492
590,LEXUS,NX,2024,1,1,0.7586618823964745,38,0.13157894736842105,28,19000.0,13,4.0,2023-07-13,0.5931686557751981,0.26253303297337965,0.13620565130716888
591,LEXUS,NX,2025,1,0,0.4279659901278094,13,0.23076923076923078,4,6355.0,8,5.0,2024-10-04,-0.958038095377878,0.39201808387984255,0.12241536167198196
592,LEXUS,RX,2022,0,0,0.45671214337709964,26,0.19230769230769232,13,31600.0,0,,2023-07-24,-0.37633556369547444,0.13350878295982233,-0.08420914469523545
593,LEXUS,RX,2023,1,1,0.7409512211188917,53,0.07547169811320754,22,7250.0,9,3.0,2023-07-19,0.20536696798692908,0.382853266120943,0.3092482486553663
594,LEXUS,RX,2024,1,1,0.711378705511349,52,0.019230769230769232,22,3000.0,12,4.0,2023-12-27,0.20536696798692908,0.42637335045091274,0.1168992458179072
595,LEXUS,RX,2025,1,1,0.6405775869205271,17,0.23529411764705882,16,112.5,9,4.0,2025-03-16,-0.1824347198013399,0.4559414077456863,0.1509152935847016
596,LEXUS,RX350,2022,0,0,0.4722226465976667,10,0.1,3,1356.0,8,,2022-03-22,-1.0226717100092562,0.4432079430717292,0.31478990208283963
597,LEXUS,RZ,2023,1,0,0.4260073431564985,10,0.1,6,7700.0,2,2.0,2023-10-31,-0.8287708661151215,0.37824525719188734,-0.001084343283136492
598,LEXUS,TX,2024,1,1,0.6750769141109463,39,0.07692307692307693,17,10750.0,24,4.0,2024-02-25,-0.11780110516996176,0.3470131966727326,0.34857611168904756
599,LEXUS,TX,2025,1,1,0.7167651427441526,26,0.0,21,3000.0,11,4.0,2025-02-23,0.14073335335555093,0.42637335045091274,0.20791515741014088
600,LEXUS,TX,2026,1,1,0.6428914288992973,8,0.0,10,3563.0,8,3.0,2026-03-22,-0.5702364075896089,0.420608219279672,0.5841142586580402
601,LINCOLN,AVIATOR,2022,1,1,0.6047989856210758,43,0.09302325581395349,18,28000.0,6,20.0,2022-03-14,-0.05316749053858359,0.17037285439226726,0.15484631867611123
602,LINCOLN,AVIATOR,2023,1,1,0.5169061090159309,21,0.047619047619047616,9,20990.0,6,15.0,2023-01-03,-0.6348700222209871,0.24215539348711146,0.3069149208964302
603,LINCOLN,AVIATOR,2025,1,1,0.5789081834116372,13,0.0,10,5500.0,8,13.0,2025-02-05,-0.5702364075896089,0.40077330084504814,0.33430615980568024
604,LINCOLN,AVIATOR PHEV,2022,1,0,0.3760881459153511,13,0.15384615384615385,0,13433.0,8,1.0,2022-02-02,-1.2165725539033907,0.3195392234357188,0.23739784559571295
605,LINCOLN,CORSAIR,2022,1,1,0.7286497288343702,29,0.06896551724137931,23,8680.0,7,19.0,2022-03-25,0.2700005826183072,0.3682100377463885,0.1961220821359121
606,LINCOLN,CORSAIR,2023,1,0,0.4596682583366257,13,0.0,7,0.0,1,8.0,2023-07-16,-0.7641372514837435,0.45709340997795017,-0.008084326559944826
607,LINCOLN,CORSAIR,2024,1,0,0.4934822175053924,18,0.1111111111111111,10,8000.0,1,4.0,2024-06-12,-0.5702364075896089,0.37517325123918366,0.015540616999283309
608,LINCOLN,CORSAIR,2025,1,0,0.3729923665611685,7,0.0,1,5.0,2,6.0,2025-11-15,-1.1519389392720125,0.45704220987873845,0.02204603624023018
609,LINCOLN,CORSAIR PHEV,2022,1,0,0.4044849980370191,21,0.0,6,7400.0,0,1.0,2023-03-17,-0.8287708661151215,0.38131726314459113,-0.09280826208269398
610,LINCOLN,CORSAIR PHEV,2023,1,0,0.4315182345294877,9,0.0,4,4500.0,3,2.0,2023-08-18,-0.958038095377878,0.411013320687394,0.11791537242260518
611,LINCOLN,NAUTILUS,2022,1,0,0.10321380918222185,7,0.0,1,149200.0,0,2.0,2025-04-04,-1.1519389392720125,-1.0707175505000457,-0.09280826208269398
612,LINCOLN,NAUTILUS,2024,1,1,0.5173130583826488,19,0.10526315789473684,10,13300.0,3,7.0,2024-05-03,-0.5702364075896089,0.32090114607475084,0.16516525954106143
613,LINCOLN,NAUTILUS,2025,1,0,0.45030604145564296,20,0.05,6,5400.0,3,6.0,2025-10-07,-0.8287708661151215,0.4017973028292828,0.07408939016780519
614,LINCOLN,NAUTILUS HYBRID,2024,1,0,0.4698446709172198,12,0.0,5,300.0,3,1.0,2024-08-13,-0.8934044807464998,0.4540214040252465,0.16516525954106143
615,LINCOLN,NAUTILUS HYBRID,2025,1,0,0.4060048514773871,8,0.0,2,8000.0,5,1.0,2024-12-06,-1.0873053246406343,0.37517325123918366,0.17817609802295517
616,LINCOLN,NAVIGATOR,2022,1,0,0.4675473319507596,20,0.15,14,57000.0,6,13.0,2022-07-02,-0.31170194906409626,-0.12658772103576146,0.15484631867611123
617,LINCOLN,NAVIGATOR,2024,1,1,0.503593521811967,15,0.2,9,12350.0,3,7.0,2024-11-04,-0.6348700222209871,0.3306291649249793,0.16516525954106143
618,LINCOLN,NAVIGATOR,2025,1,1,0.538282402324174,11,0.0,11,2500.0,3,6.0,2025-08-07,-0.5056027929582309,0.43149336037208563,0.07408939016780519
619,MAZDA,CX-30,2022,1,1,0.6011878799706933,31,0.12903225806451613,17,23000.0,5,1.0,2022-07-19,-0.11780110516996176,0.22157295360399637,0.15319528813771918
620,MAZDA,CX-30,2023,1,1,0.5820231879790801,22,0.22727272727272727,19,33500.0,6,1.0,2023-03-31,0.011466124092794582,0.11405274525936528,0.05211552962060686
621,MAZDA,CX-30,2024,1,1,0.5995210207162041,27,0.07407407407407407,17,2500.0,7,2.0,2024-03-16,-0.11780110516996176,0.43149336037208563,-0.0636724290522463
622,MAZDA,CX-30,2025,1,1,0.521436778579985,25,0.08,9,385.5,16,1.0,2025-02-20,-0.6348700222209871,0.4531458823287259,0.1140739181853323
623,MAZDA,CX-5,2022,0,1,0.7771805989201773,62,0.08064516129032258,24,3963.0,9,,2022-02-21,0.33463419724968546,0.4165122113427337,0.34471483059119523
624,MAZDA,CX-5,2023,0,1,0.8486735370808978,59,0.13559322033898305,33,4000.0,13,,2023-01-26,0.916336728932089,0.4161333306085669,0.23831508478370855
625,MAZDA,CX-5,2024,1,1,0.7036732275497719,41,0.0975609756097561,27,24000.0,11,,2023-11-08,0.5285350411438199,0.21133293376165052,-0.02846663080712202
626,MAZDA,CX-5,2025,0,1,0.656538718342561,23,0.17391304347826086,20,3518.5,8,,2025-01-20,0.07609973872417276,0.4210639001626564,-0.002706290627762805
627,MAZDA,CX-5,2026,0,1,0.5211681176460492,9,0.0,6,615.0,9,,2026-04-28,-0.8287708661151215,0.4507957977749075,0.3092482486553663
628,MAZDA,CX-50,2023,1,1,0.7652199203124936,59,0.15254237288135594,33,57000.0,13,2.0,2022-05-25,0.916336728932089,-0.12658772103576146,0.23831508478370855
629,MAZDA,CX-50,2024,1,1,0.630492536440502,29,0.06896551724137931,19,8361.0,14,1.0,2024-04-15,0.011466124092794582,0.37147660407609684,-0.00206228212327883
630,MAZDA,CX-50,2025,1,1,0.5821422244931349,31,0.06451612903225806,15,0.0,6,4.0,2025-07-24,-0.24706833443271806,0.45709340997795017,-0.03190134283103658
631,MAZDA,CX-50,2026,0,1,0.5598586316820391,8,0.125,9,0.0,8,,2026-03-31,-0.6348700222209871,0.45709340997795017,0.2649150212355802
632,MAZDA,CX-50 HYBRID,2025,1,0,0.3977534293589946,9,0.0,3,0.0,8,3.0,2024-10-28,-1.0226717100092562,0.45709340997795017,-0.002706290627762805
633,MAZDA,CX-70,2025,1,1,0.7082992333546217,46,0.021739130434782608,21,5000.0,21,4.0,2024-09-26,0.14073335335555093,0.4058933107662211,0.18706154869351682
634,MAZDA,CX-9,2022,0,0,0.27360272220515436,9,0.1111111111111111,4,53000.0,0,,2023-01-03,-0.958038095377878,-0.0856276416663782,-0.08620413992912584
635,MAZDA,CX-9,2023,0,0,0.49498815940009816,12,0.25,11,12100.0,4,,2023-02-24,-0.5056027929582309,0.3331891698855658,-0.001084343283136492
636,MAZDA,CX-90,2024,1,1,0.8815094573882065,302,0.026490066225165563,39,22604.5,51,11.0,2023-05-12,1.3041384167203578,0.22562288145164414,0.3235913516441206
637,MAZDA,CX-90,2025,1,1,0.5237045159991464,21,0.047619047619047616,16,28000.0,5,2.0,2024-11-22,-0.1824347198013399,0.17037285439226726,-0.04649886893267349
638,MAZDA,CX-90 PLUG-IN HYBRID,2024,0,1,0.7748943918809853,95,0.07368421052631578,25,3480.0,44,,2023-08-03,0.39926781188106364,0.42145814092658673,0.2619812047151532
639,MAZDA,CX-90 PLUG-IN HYBRID,2025,0,0,0.4718389287127036,13,0.07692307692307693,7,25.0,11,,2024-12-21,-0.7641372514837435,0.45683740948189155,0.041086287677147865
640,MAZDA,MAZDA3,2022,0,0,0.4025832961284773,23,0.043478260869565216,3,27287.0,8,,2022-04-23,-1.0226717100092562,0.17767398853985983,0.2968349449778262
641,MAZDA,MAZDA3,2023,0,1,0.6480528588995212,12,0.25,18,2500.0,7,,2023-03-22,-0.05316749053858359,0.43149336037208563,0.07871546607247853
642,MAZDA,MAZDA3,2024,1,0,0.42522603357576716,10,0.2,6,1900.0,7,3.0,2024-02-05,-0.8287708661151215,0.43763737227749316,-0.0636724290522463
643,MAZDA,MAZDA3,2025,1,0,0.4148484663604105,7,0.2857142857142857,5,0.0,4,1.0,2025-01-31,-0.8934044807464998,0.45709340997795017,-0.06109639503431038
644,MAZDA,MX-5,2023,1,0,0.4350987308765352,7,0.14285714285714285,7,0.0,0,1.0,2024-07-06,-0.7641372514837435,0.45709340997795017,-0.10748408909062317
645,MERCEDES-BENZ,AMG EQS,2023,1,0,0.34424894257280564,7,0.2857142857142857,6,33500.0,3,2.0,2023-07-04,-0.8287708661151215,0.11405274525936528,-0.08314797701763421
646,MERCEDES-BENZ,AMG GLE53,2022,1,0,0.3699108643274948,12,0.0,3,3000.0,1,8.0,2022-10-16,-1.0226717100092562,0.42637335045091274,-0.08975079812270871
647,MERCEDES-BENZ,AMG GLE53,2023,1,0,0.34106559248348467,9,0.2222222222222222,4,23500.0,4,3.0,2022-12-07,-0.958038095377878,0.21645294368282345,-0.07041396488641902
648,MERCEDES-BENZ,C 300,2022,1,1,0.532259205757221,25,0.04,12,6000.0,6,5.0,2022-06-08,-0.4409691783268526,0.39565329092387524,0.021082270426756564
649,MERCEDES-BENZ,C 300,2023,1,1,0.7389462383188097,22,0.09090909090909091,26,3900.0,10,7.0,2023-05-04,0.4639014265124417,0.41715733259280147,0.005990107900871942
650,MERCEDES-BENZ,C 300,2024,1,0,0.4209607552467782,9,0.2222222222222222,5,0.0,4,3.0,2024-03-11,-0.8934044807464998,0.45709340997795017,-0.03596950584296819
651,MERCEDES-BENZ,E 350,2022,1,0,0.3828114635201762,7,0.0,6,14403.0,0,2.0,2023-08-23,-0.8287708661151215,0.3096064041886433,-0.11191741183260179
652,MERCEDES-BENZ,E 450,2022,1,0,0.4235639011879469,11,0.0,5,200.0,4,2.0,2022-04-11,-0.8934044807464998,0.455045406009481,-0.02325095699302955
653,MERCEDES-BENZ,E 450,2023,1,1,0.6179409854678903,17,0.0,18,600.0,4,3.0,2023-06-20,-0.05316749053858359,0.4509493980725427,-0.07041396488641902
654,MERCEDES-BENZ,EQB 250+,2023,1,0,0.3487878582621409,24,0.0,5,21500.0,0,1.0,2025-05-21,-0.8934044807464998,0.2369329833675151,-0.12135001341127968
655,MERCEDES-BENZ,EQB 300 4MATIC,2022,1,0,0.2078181827226274,7,0.0,3,79500.0,0,5.0,2025-10-01,-1.0226717100092562,-0.3569881674885424,-0.11191741183260179
656,MERCEDES-BENZ,EQB 300 4MATIC,2023,1,1,0.6407135584139022,47,0.02127659574468085,21,10000.0,4,4.0,2023-11-21,0.14073335335555093,0.35469321155449196,-0.07041396488641902
657,MERCEDES-BENZ,EQB 350 4MATIC,2022,1,0,0.41820535854406565,7,0.0,6,0.0,0,5.0,2023-03-19,-0.8287708661151215,0.45709340997795017,-0.11191741183260179
658,MERCEDES-BENZ,EQB 350 4MATIC,2023,1,0,0.4159121020153853,8,0.0,6,0.0,0,4.0,2025-05-12,-0.8287708661151215,0.45709340997795017,-0.12135001341127968
659,MERCEDES-BENZ,EQE 350 4MATIC,2023,1,1,0.544256720303346,7,0.0,14,0.0,0,2.0,2025-06-01,-0.31170194906409626,0.45709340997795017,-0.12135001341127968
660,MERCEDES-BENZ,EQE 350+,2024,1,0,0.4197578079623144,8,0.25,12,37000.0,0,2.0,2025-03-24,-0.4409691783268526,0.0782126758111549,-0.11446112160258952
661,MERCEDES-BENZ,EQS 450,2022,1,1,0.5731505787000877,26,0.07692307692307693,16,17250.0,7,1.0,2022-02-07,-0.1824347198013399,0.28045306769748485,0.043248884136649623
662,MERCEDES-BENZ,EQS 450+,2022,1,0,0.49825579149734905,8,0.375,11,0.0,0,2.0,2023-12-22,-0.5056027929582309,0.45709340997795017,-0.11191741183260179
663,MERCEDES-BENZ,EQS 450+,2023,1,0,0.49157679497586815,9,0.1111111111111111,12,8000.0,0,3.0,2024-06-06,-0.4409691783268526,0.37517325123918366,-0.12135001341127968
664,MERCEDES-BENZ,EQS 580,2023,1,1,0.5602372541525222,7,0.14285714285714285,15,0.0,0,1.0,2024-07-01,-0.24706833443271806,0.45709340997795017,-0.12135001341127968
665,MERCEDES-BENZ,EQS450,2023,1,0,0.41192016743733595,11,0.09090909090909091,5,4000.0,7,3.0,2022-12-03,-0.8934044807464998,0.4161333306085669,-0.032211928492773545
666,MERCEDES-BENZ,EQS450+,2023,0,0,0.4505274403390354,7,0.0,7,0.0,6,,2023-04-10,-0.7641372514837435,0.45709340997795017,-0.04494594062398871
667,MERCEDES-BENZ,GLB 250,2022,0,0,0.4015574335058989,11,0.18181818181818182,5,2575.0,1,,2022-09-22,-0.8934044807464998,0.43072535888390967,-0.08975079812270871
668,MERCEDES-BENZ,GLB 250,2023,0,0,0.37194122830911325,10,0.0,6,18000.0,0,,2025-01-02,-0.8287708661151215,0.27277305281572545,-0.12135001341127968
669,MERCEDES-BENZ,GLC 300,2022,1,1,0.7624205250511934,54,0.09259259259259259,28,5742.0,6,2.0,2021-12-29,0.5931686557751981,0.39829521604320045,0.021082270426756564
670,MERCEDES-BENZ,GLC 300,2023,1,1,0.798718755875509,55,0.03636363636363636,29,8500.0,25,9.0,2023-06-05,0.6578022704065762,0.3700532413180107,0.19700028986909937
671,MERCEDES-BENZ,GLC 300,2024,1,1,0.6075056000381049,21,0.047619047619047616,14,2174.0,14,6.0,2023-11-16,-0.31170194906409626,0.4348316068406904,0.16025953355608508
672,MERCEDES-BENZ,GLC 300,2025,1,0,0.43014158753762216,13,0.23076923076923078,4,4700.0,10,3.0,2025-01-14,-0.958038095377878,0.40896531671892483,0.11434934320611795
673,MERCEDES-BENZ,GLC 300 4MATIC,2023,1,0,0.4316937742217217,8,0.0,7,0.0,0,3.0,2025-05-31,-0.7641372514837435,0.45709340997795017,-0.12135001341127968
674,MERCEDES-BENZ,GLC 300 4MATIC,2025,1,0,0.43487897386940744,8,0.0,6,0.0,3,3.0,2025-06-25,-0.8287708661151215,0.45709340997795017,-0.04374461872481747
675,MERCEDES-BENZ,GLC 350 E 4MATIC,2025,1,0,0.4909617814282178,13,0.0,9,3500.0,6,1.0,2024-12-11,-0.6348700222209871,0.42125334052973984,0.024009936388440564
676,MERCEDES-BENZ,GLE 350,2022,1,1,0.5195843869260035,33,0.030303030303030304,12,8800.0,5,4.0,2022-03-11,-0.4409691783268526,0.366981235365307,-0.001084343283136492
677,MERCEDES-BENZ,GLE 350,2023,1,0,0.4527923250013471,15,0.06666666666666667,9,8000.0,3,2.0,2023-04-06,-0.6348700222209871,0.37517325123918366,-0.08314797701763421
678,MERCEDES-BENZ,GLE 350,2024,1,0,0.37991357084347316,7,0.0,3,6000.0,5,1.0,2023-09-10,-1.0226717100092562,0.39565329092387524,-0.016346601903062856
679,MERCEDES-BENZ,GLE 350 4MATIC,2024,1,0,0.3695438828258207,7,0.0,8,32300.0,0,1.0,2025-10-29,-0.6995036368523653,0.12634076907018027,-0.11446112160258952
680,MERCEDES-BENZ,GLE 400 E,2024,0,0,0.41478513023467367,12,0.0,4,0.0,6,,2024-02-02,-0.958038095377878,0.45709340997795017,0.00327630203684248
681,MERCEDES-BENZ,GLE 450,2022,1,0,0.48225540711480996,14,0.07142857142857142,10,8600.0,4,8.0,2022-05-27,-0.5702364075896089,0.3690292393337761,-0.02325095699302955
682,MERCEDES-BENZ,GLE 450,2023,1,0,0.3203908179662199,7,0.0,2,20000.0,4,3.0,2023-03-09,-1.0873053246406343,0.2522930131310338,-0.07041396488641902
683,MERCEDES-BENZ,GLE 450,2024,1,0,0.4916251657742111,10,0.2,10,1779.0,3,2.0,2024-06-09,-0.5702364075896089,0.438876414678417,-0.055592409782873504
684,MERCEDES-BENZ,GLE 450E 4MATIC,2025,1,0,0.4647469953935977,13,0.07692307692307693,7,5550.0,8,1.0,2024-10-22,-0.7641372514837435,0.40026129985293085,0.06917963979727923
685,MERCEDES-BENZ,GLS 450,2022,1,1,0.5203221301025738,14,0.14285714285714285,16,25100.0,1,8.0,2022-08-29,-0.1824347198013399,0.20006891193507012,-0.08975079812270871
686,MERCEDES-BENZ,GLS 450,2023,1,0,0.3525346044682132,7,0.0,3,11000.0,3,4.0,2023-05-25,-1.0226717100092562,0.3444531917121462,-0.08314797701763421
687,MERCEDES-BENZ,GLS 450,2024,0,1,0.5445355021462653,14,0.2857142857142857,13,0.0,3,,2024-04-23,-0.37633556369547444,0.45709340997795017,-0.055592409782873504
688,MERCEDES-BENZ,GLS 450 4MATIC,2025,1,0,0.4414929693265666,7,0.14285714285714285,8,10000.0,3,1.0,2025-10-08,-0.6995036368523653,0.35469321155449196,-0.04374461872481747
689,MERCEDES-BENZ,METRIS,2022,1,0,0.41195738846002733,9,0.1111111111111111,7,8825.0,0,5.0,2023-03-05,-0.7641372514837435,0.36672523486924835,-0.11191741183260179
690,MERCEDES-BENZ,S 500,2022,1,0,0.4794132191280457,20,0.0,9,3400.0,4,4.0,2022-02-04,-0.6348700222209871,0.4222773425139744,-0.02325095699302955
691,MERCEDES-BENZ,S 580,2022,1,1,0.6095873044412198,24,0.0,17,4500.0,5,5.0,2022-04-02,-0.11780110516996176,0.411013320687394,-0.001084343283136492
692,MERCEDES-BENZ,SPRINTER 2500,2022,1,1,0.6270002697439102,37,0.02702702702702703,20,11900.0,3,7.0,2022-06-09,0.07609973872417276,0.33523717385403495,-0.045417570702922606
693,MERCEDES-BENZ,SPRINTER 2500,2023,1,1,0.5801664212745319,17,0.0,16,2100.0,3,7.0,2023-03-15,-0.1824347198013399,0.43558936830902395,-0.08314797701763421
694,MERCEDES-BENZ,SPRINTER 2500,2024,1,1,0.5269220288191367,12,0.0,13,5000.0,2,4.0,2024-03-24,-0.37633556369547444,0.4058933107662211,-0.07521531372277884
695,MERCEDES-BENZ,SPRINTER 3500,2022,1,0,0.3750500075421,8,0.0,4,5000.0,0,6.0,2023-09-26,-0.958038095377878,0.4058933107662211,-0.11191741183260179
696,MERCEDES-BENZ,SPRINTER 3500,2023,1,0,0.3811757145947199,17,0.0,8,33000.0,5,6.0,2023-01-19,-0.6995036368523653,0.11917275518053819,-0.05767995275520387
697,MERCEDES-BENZ,redundant EQE 350 4MATIC,2023,0,0,0.3801577251051098,7,0.14285714285714285,4,3200.0,1,,2023-04-26,-0.958038095377878,0.4243253464824435,-0.10861600128006452
698,MINI,COOPER,2023,0,1,0.6307725617323496,7,0.14285714285714285,5,500.0,3,,2022-06-09,-0.8934044807464998,0.4519734000567773,0.8235136867248855
699,MINI,COUNTRYMAN,2025,1,1,0.6820602153923987,17,0.11764705882352941,14,0.0,4,2.0,2024-08-09,-0.31170194906409626,0.45709340997795017,0.46441454462461773
700,MITSUBISHI,OUTLANDER,2022,1,1,0.931045892593936,208,0.0673076923076923,36,9000.0,74,7.0,2021-06-21,1.1102375728262233,0.3649332313968378,0.9742466599521582
701,MITSUBISHI,OUTLANDER,2023,1,1,0.7747497045932435,40,0.05,21,20000.0,10,2.0,2023-04-04,0.14073335335555093,0.2522930131310338,0.6888515084372849
702,MITSUBISHI,OUTLANDER,2024,1,1,0.6139024624320591,22,0.13636363636363635,11,5000.0,4,1.0,2024-06-05,-0.5056027929582309,0.4058933107662211,0.4100055837003347
703,MITSUBISHI,OUTLANDER,2025,0,1,0.6161853329527264,13,0.15384615384615385,10,19000.0,6,,2025-07-24,-0.5702364075896089,0.26253303297337965,0.6276414273974666
704,MITSUBISHI,OUTLANDER SPORT,2022,1,0,0.34048329233523306,11,0.0,5,26733.5,1,1.0,2022-09-12,-0.8934044807464998,0.18334183952259825,-0.10452854059597076
705,MITSUBISHI,OUTLANDER SPORT,2023,0,0,0.39149853366541404,7,0.0,0,15.0,3,,2023-04-14,-1.2165725539033907,0.456939809680315,0.16516525954106143
706,NISSAN,ALTIMA,2022,0,0,0.45797087026611866,28,0.17857142857142858,13,30300.0,3,,2022-07-18,-0.37633556369547444,0.14682080875487188,-0.09244934240043484
707,NISSAN,ALTIMA,2023,0,0,0.48068703126110834,28,0.17857142857142858,20,65200.0,5,,2023-02-23,0.07609973872417276,-0.2105558837429972,-0.09628411584772985
708,NISSAN,ALTIMA,2024,1,1,0.6900225409975542,39,0.1794871794871795,23,9136.5,15,1.0,2023-10-16,0.2700005826183072,0.3635354686883576,0.013238699421717499
709,NISSAN,ARIYA,2023,1,1,0.6299846171346277,40,0.05,20,9991.0,12,4.0,2023-06-14,0.07609973872417276,0.3547853717330731,-0.052184221203837325
710,NISSAN,ARIYA,2025,0,0,0.3460118794588487,7,0.0,1,0.0,4,,2025-04-30,-1.1519389392720125,0.45709340997795017,-0.09522048202514988
711,NISSAN,ARMADA,2022,0,0,0.3843393322371871,8,0.125,4,0.0,0,,2023-05-22,-0.958038095377878,0.45709340997795017,-0.12367535475697984
712,NISSAN,ARMADA,2025,1,0,0.4293801029246352,19,0.10526315789473684,9,16097.0,4,1.0,2025-03-04,-0.6348700222209871,0.29225981057570954,-0.09522048202514988
713,NISSAN,FRONTIER,2022,1,1,0.8532566507869028,110,0.1,32,1500.0,42,6.0,2021-10-18,0.8517031143007108,0.4417333802144314,0.31348881823465025
714,NISSAN,FRONTIER,2023,1,1,0.6915721527204566,62,0.06451612903225806,23,4500.0,16,1.0,2022-12-15,0.2700005826183072,0.411013320687394,-0.02698428140732732
715,NISSAN,FRONTIER,2024,1,1,0.5542720982624756,17,0.0,14,1100.0,6,3.0,2024-04-19,-0.31170194906409626,0.4458293881513698,-0.06963033337065194
716,NISSAN,FRONTIER,2025,1,0,0.36077950754080007,7,0.0,2,0.0,4,3.0,2025-04-08,-1.0873053246406343,0.45709340997795017,-0.09522048202514988
717,NISSAN,KICKS,2022,0,1,0.5628016858557932,22,0.09090909090909091,16,10150.0,5,,2022-03-16,-0.1824347198013399,0.3531572085781401,-0.07163200082940484
718,NISSAN,KICKS,2023,1,1,0.5353157231846011,30,0.06666666666666667,23,64000.0,7,1.0,2022-12-14,0.2700005826183072,-0.19826785993218218,-0.08368414594947482
719,NISSAN,KICKS,2024,1,1,0.5870551167118876,30,0.06666666666666667,20,25000.0,5,1.0,2024-06-16,0.07609973872417276,0.20109291391930473,-0.07883800368091522
720,NISSAN,KICKS,2025,1,0,0.4878858284914675,31,0.06451612903225806,10,8479.0,16,4.0,2024-10-09,-0.5702364075896089,0.37026828173469994,-0.0019479775835219346
721,NISSAN,LEAF,2022,1,0,0.4618948039073845,88,0.07954545454545454,15,42397.5,4,4.0,2022-01-11,-0.24706833443271806,0.022942168712093352,-0.08204067161491983
722,NISSAN,LEAF,2023,1,0,0.4842492868187412,19,0.3157894736842105,11,7000.0,5,3.0,2022-12-31,-0.5056027929582309,0.38541327108152945,-0.09628411584772985
723,NISSAN,LEAF,2025,0,0,0.3243199884603402,7,0.0,1,8750.0,3,,2024-09-26,-1.1519389392720125,0.3674932363574243,-0.10299319072861887
724,NISSAN,MURANO,2025,1,1,0.5325175783528086,20,0.1,13,3130.0,7,2.0,2025-05-16,-0.37633556369547444,0.42504214787140776,-0.07190235591474288
725,NISSAN,PATHFINDER,2022,1,1,0.8981009693669141,133,0.022556390977443608,43,11000.0,23,5.0,2021-08-19,1.5626728752458707,0.3444531917121462,0.11572407330986517
726,NISSAN,PATHFINDER,2023,1,1,0.7751052756536755,97,0.041237113402061855,30,14700.0,29,1.0,2022-10-10,0.7224358850379544,0.3065651182954666,0.054915522931330174
727,NISSAN,PATHFINDER,2024,1,1,0.7116486972661776,68,0.014705882352941176,26,13500.0,10,2.0,2023-11-07,0.4639014265124417,0.31885314210628163,-0.03279965212959886
728,NISSAN,PATHFINDER,2025,1,1,0.7712827143719505,42,0.047619047619047616,29,8000.0,20,1.0,2025-03-25,0.6578022704065762,0.37517325123918366,0.029142857230354036
729,NISSAN,PATHFINDER,2026,0,0,0.22612823443524613,7,0.0,2,76900.0,7,,2026-02-11,-1.0873053246406343,-0.3303641158984433,0.03391557310090518
730,NISSAN,ROGUE,2022,1,1,0.7835699530990053,241,0.024896265560165973,37,46800.0,10,6.0,2022-04-21,1.1748711874576014,-0.022139518643834115,-0.019588646901829813
731,NISSAN,ROGUE,2023,1,1,0.9369891769842185,647,0.03245749613601236,50,40000.0,97,6.0,2022-12-07,2.015108177665518,0.04749261628411745,0.4833144994720002
732,NISSAN,ROGUE,2024,1,1,0.792499936954085,168,0.023809523809523808,34,22252.0,11,4.0,2024-05-23,0.9809703435634671,0.22923248844607103,-0.023591981819335583
733,NISSAN,ROGUE,2025,1,1,0.8573819906441352,168,0.02976190476190476,32,11465.0,74,3.0,2024-12-26,0.8517031143007108,0.3396915824854554,0.44886912721767974
734,NISSAN,ROGUE,2026,1,1,0.7099800771533786,26,0.0,17,915.0,25,1.0,2025-11-05,-0.11780110516996176,0.4477237918222038,0.41191467004855514
735,NISSAN,ROGUE SPORT,2022,1,0,0.4006552725619406,11,0.09090909090909091,11,37500.0,0,1.0,2023-02-22,-0.5056027929582309,0.073092665889982,-0.12367535475697984
736,NISSAN,SENTRA,2022,1,1,0.7191777596602879,80,0.0125,28,36000.0,22,2.0,2022-03-20,0.5931686557751981,0.08845269565350072,0.1053154025243502
737,NISSAN,SENTRA,2023,1,0,0.2750962453620216,18,0.05555555555555555,8,75300.0,3,1.0,2023-08-21,-0.6995036368523653,-0.31398008415068995,-0.10888408574598485
738,NISSAN,SENTRA,2024,1,1,0.5105159549732333,31,0.16129032258064516,16,30000.0,5,3.0,2024-08-20,-0.1824347198013399,0.14989281470757562,-0.07883800368091522
739,NISSAN,SENTRA,2025,1,1,0.5668464266521018,25,0.2,15,6000.0,12,3.0,2024-10-16,-0.24706833443271806,0.39565329092387524,-0.0330388123973979
740,NISSAN,SENTRA,2026,1,0,0.3799990918813636,8,0.0,1,300.0,8,1.0,2026-02-16,-1.1519389392720125,0.4540214040252465,0.054915522931330174
741,NISSAN,TITAN,2022,1,0,0.3879676246786637,13,0.0,5,6850.0,2,4.0,2022-06-29,-0.8934044807464998,0.3869492740578813,-0.10285801318594985
742,NISSAN,TITAN,2023,1,0,0.29972534535700174,17,0.17647058823529413,5,44000.0,2,2.0,2023-05-25,-0.8934044807464998,0.00653253691473418,-0.11518407069511233
743,NISSAN,TITAN,2024,1,0,0.3732047033243737,13,0.0,4,9000.0,5,2.0,2023-12-07,-0.958038095377878,0.3649332313968378,-0.07883800368091522
744,NISSAN,VERSA,2022,0,0,0.4215114405831587,19,0.0,8,10150.0,0,,2023-03-31,-0.6995036368523653,0.3531572085781401,-0.12367535475697984
745,NISSAN,VERSA,2023,1,0,0.4195262861904108,37,0.0,7,11000.0,11,1.0,2023-04-23,-0.7641372514837435,0.3444531917121462,-0.05848420615296482
746,NISSAN,VERSA,2024,1,1,0.7704890821231276,93,0.010752688172043012,21,1350.0,65,1.0,2023-10-27,0.14073335335555093,0.44326938319078335,0.473622214934881
747,NISSAN,VERSA,2025,0,0,0.48619448296591805,11,0.18181818181818182,10,31.5,4,,2025-03-01,-0.5702364075896089,0.4567708493529163,-0.09522048202514988
748,PORSCHE,911,2022,1,0,0.3451846437072393,8,0.0,1,0.0,0,4.0,2023-04-28,-1.1519389392720125,0.45709340997795017,-0.09887822729737059
749,PORSCHE,MACAN,2024,0,0,0.42135940149363377,8,0.125,5,0.0,0,,2025-01-11,-0.8934044807464998,0.45709340997795017,-0.034334263847976075
750,PORSCHE,MACAN,2025,0,1,0.5078543528456634,8,0.25,4,0.0,2,,2025-07-02,-0.958038095377878,0.45709340997795017,0.3789147488864587
751,PORSCHE,TAYCAN,2022,1,1,0.8666328357091863,78,0.02564102564102564,23,150.0,31,12.0,2021-12-19,0.2700005826183072,0.4555574070015983,0.9925015183014818
752,PORSCHE,TAYCAN,2023,1,1,0.641737006229029,19,0.15789473684210525,14,3000.0,2,11.0,2023-09-11,-0.31170194906409626,0.42637335045091274,0.31478990208283963
753,PORSCHE,TAYCAN,2024,1,1,0.6317746447313692,9,0.0,9,0.0,6,6.0,2024-04-05,-0.6348700222209871,0.45709340997795017,0.5641643063191365
754,RAM,1500,2022,1,1,0.9356851228731132,582,0.03951890034364261,44,20485.0,71,15.0,2021-12-07,1.627306489877249,0.24732660350749608,0.6494050117671797
755,RAM,1500,2023,1,1,0.8927880332657473,182,0.054945054945054944,37,17000.0,21,10.0,2023-03-30,1.1748711874576014,0.28301307265807124,0.5082071229295284
756,RAM,1500,2024,1,1,0.8752459434036023,68,0.058823529411764705,32,6250.0,23,5.0,2023-10-15,0.8517031143007108,0.3930932859632888,0.5499143403627766
757,RAM,1500,2025,1,1,0.9547852603394081,289,0.02422145328719723,44,5000.0,154,6.0,2024-06-13,1.627306489877249,0.4058933107662211,0.8634135914026928
758,RAM,1500,2026,1,1,0.8311274760639682,57,0.017543859649122806,26,3000.0,47,3.0,2025-09-16,0.4639014265124417,0.42637335045091274,0.5499143403627766
759,RAM,2500,2022,1,1,0.7969958625271291,171,0.05263157894736842,31,7900.0,16,12.0,2021-12-04,0.7870694996693326,0.3761972532234182,0.050906441600067236
760,RAM,2500,2023,1,1,0.6451128935119473,47,0.0851063829787234,19,23500.0,11,8.0,2023-07-17,0.011466124092794582,0.21645294368282345,0.21625660089679055
761,RAM,2500,2024,1,1,0.6893721153094657,54,0.12962962962962962,22,11000.0,7,5.0,2024-02-02,0.20536696798692908,0.3444531917121462,0.09391542975926231
762,RAM,2500,2025,1,1,0.6769584491044011,56,0.0,21,1850.0,21,6.0,2025-04-14,0.14073335335555093,0.43814937326961045,0.007496281378757609
763,RAM,2500,2026,1,0,0.4491359602989783,17,0.0,5,1486.0,15,6.0,2025-10-28,-0.8934044807464998,0.44187674049222425,0.09391542975926231
764,RAM,3500,2022,1,1,0.7710885677498098,184,0.021739130434782608,32,20667.0,8,12.0,2021-12-14,0.8517031143007108,0.24546291989618915,-0.0361478958787855
765,RAM,3500,2023,1,0,0.46024789658649906,15,0.0,7,7425.0,6,5.0,2023-07-12,-0.7641372514837435,0.38106126264853246,0.07028133988042168
766,RAM,3500,2024,1,1,0.5505820877451,37,0.08108108108108109,13,15000.0,8,2.0,2024-05-05,-0.37633556369547444,0.30349311234276294,0.12241536167198196
767,RAM,3500,2025,1,1,0.5371701327978156,35,0.0,13,259.0,7,5.0,2025-08-25,-0.37633556369547444,0.4544412448387826,-0.08260027757113031
768,RAM,3500,2026,1,1,0.6240854232538124,20,0.05,15,729.0,19,4.0,2025-12-23,-0.24706833443271806,0.44962843551288006,0.1509152935847016
769,RAM,5500,2022,1,1,0.5281117152818796,26,0.038461538461538464,13,1973.0,2,4.0,2022-03-14,-0.37633556369547444,0.4368898508290019,-0.10143864898792507
770,RAM,PROMASTER,2022,1,1,0.6756613114730425,56,0.017857142857142856,25,26602.0,11,8.0,2022-08-17,0.39926781188106364,0.1846884021318667,-0.0035025193242157354
771,RAM,PROMASTER,2023,1,1,0.5862400736711272,62,0.0,22,38259.0,1,5.0,2023-03-08,0.20536696798692908,0.06532049082964152,-0.07569392113594726
772,RAM,PROMASTER,2024,1,0,0.35339591512740376,11,0.0,8,40000.0,0,5.0,2025-03-23,-0.6995036368523653,0.04749261628411745,-0.10558409362977521
773,SUBARU,ASCENT,2022,1,1,0.5534627536823465,55,0.10909090909090909,20,38000.0,10,1.0,2022-05-16,0.07609973872417276,0.06797265596880908,-0.08285068490562138
774,SUBARU,ASCENT,2023,1,1,0.6060803822667924,40,0.1,15,0.0,16,3.0,2022-12-14,-0.24706833443271806,0.45709340997795017,0.06739074065237476
775,SUBARU,ASCENT,2024,0,1,0.5404086549183981,48,0.041666666666666664,12,11200.0,26,,2024-04-16,-0.4409691783268526,0.342405187743677,0.10710196542037143
776,SUBARU,ASCENT,2025,0,0,0.3856245496558287,12,0.08333333333333333,3,0.0,7,,2025-03-17,-1.0226717100092562,0.45709340997795017,-0.05361362955363936
777,SUBARU,BRZ,2022,1,0,0.3582654507827933,10,0.0,2,0.0,5,1.0,2022-08-05,-1.0873053246406343,0.45709340997795017,-0.10613856701329115
778,SUBARU,CROSSTREK,2022,0,1,0.5916827672657364,28,0.10714285714285714,22,34000.0,7,,2022-02-28,0.20536696798692908,0.10893273533819237,-0.09682341417022323
779,SUBARU,CROSSTREK,2023,0,1,0.6297612101864257,32,0.125,21,16500.0,6,,2022-11-23,0.14073335335555093,0.2881330825792442,-0.05112382769754852
780,SUBARU,CROSSTREK,2024,1,1,0.7528891688971822,104,0.07692307692307693,25,9000.0,36,2.0,2023-09-22,0.39926781188106364,0.3649332313968378,0.196430110221433
781,SUBARU,CROSSTREK,2025,0,1,0.6752807755252866,41,0.04878048780487805,20,8000.0,25,,2025-01-04,0.07609973872417276,0.37517325123918366,0.12744476142128544
782,SUBARU,FORESTER,2022,1,1,0.7907315385978809,94,0.0851063829787234,30,5000.0,38,1.0,2022-02-25,0.7224358850379544,0.4058933107662211,0.04756145489732921
783,SUBARU,FORESTER,2023,1,1,0.6840803229458527,69,0.10144927536231885,21,4500.0,16,1.0,2023-03-23,0.14073335335555093,0.411013320687394,0.06739074065237476
784,SUBARU,FORESTER,2024,1,0,0.4530837783544702,28,0.10714285714285714,7,2500.0,13,2.0,2024-01-23,-0.7641372514837435,0.43149336037208563,-0.009024622821008629
785,SUBARU,FORESTER,2025,1,1,0.7610622010188367,78,0.1282051282051282,24,3400.0,37,2.0,2024-09-02,0.33463419724968546,0.4222773425139744,0.24815035540456862
786,SUBARU,FORESTER,2026,1,0,0.4378476419211084,11,0.0,4,0.0,11,1.0,2026-03-27,-0.958038095377878,0.45709340997795017,0.0975928403286455
787,SUBARU,IMPREZA,2022,1,0,0.4490737030580335,12,0.0,8,0.0,3,1.0,2021-11-11,-0.6995036368523653,0.45709340997795017,-0.11545371985635905
788,SUBARU,IMPREZA,2024,1,1,0.5112735280957037,29,0.034482758620689655,14,17791.5,6,2.0,2023-08-11,-0.31170194906409626,0.27490809695285456,-0.07155432418175174
789,SUBARU,LEGACY,2022,1,1,0.5460519702220326,32,0.09375,15,8000.0,7,2.0,2021-06-24,-0.24706833443271806,0.37517325123918366,-0.09682341417022323
790,SUBARU,LEGACY,2023,1,0,0.418909111857909,10,0.2,6,1025.0,2,2.0,2023-02-23,-0.8287708661151215,0.4465973896395457,-0.09852965503751787
791,SUBARU,LEGACY,2024,0,0,0.3704117808235086,15,0.0,2,0.0,8,,2023-12-16,-1.0873053246406343,0.45709340997795017,-0.05368869522153941
792,SUBARU,OUTBACK,2022,1,1,0.9194502255104078,453,0.02207505518763797,38,13937.0,184,4.0,2021-07-14,1.2395048020889796,0.3143782534351765,0.7275676124412859
793,SUBARU,OUTBACK,2023,1,1,0.8545768450124938,85,0.09411764705882353,31,6000.0,47,2.0,2022-10-05,0.7870694996693326,0.39565329092387524,0.4347859025371369
794,SUBARU,OUTBACK,2024,0,1,0.7774963836636724,89,0.0449438202247191,26,2800.0,37,,2023-05-27,0.4639014265124417,0.4284213544193819,0.20536292470153913
795,SUBARU,OUTBACK,2025,0,1,0.8416850626726983,65,0.06153846153846154,31,500.0,40,,2024-11-14,0.7870694996693326,0.4519734000567773,0.27832675390038947
796,SUBARU,OUTBACK,2026,0,0,0.377136084182304,8,0.0,1,0.0,8,,2026-03-29,-1.1519389392720125,0.45709340997795017,0.039673623860860444
797,SUBARU,SOLTERRA,2023,1,1,0.5298224643612665,39,0.1282051282051282,14,16000.0,9,4.0,2022-12-20,-0.31170194906409626,0.2932530925004171,-0.015569457192571546
798,SUBARU,SOLTERRA,2024,1,0,0.4395437659886343,13,0.07692307692307693,7,0.0,4,2.0,2024-08-06,-0.7641372514837435,0.45709340997795017,-0.08941995314196403
799,SUBARU,SOLTERRA,2026,0,0,0.3710435032494076,10,0.0,0,0.0,10,,2026-02-27,-1.2165725539033907,0.45709340997795017,0.07828643483938383
800,SUBARU,TRAILSEEKER,2026,0,0,0.3726117958772307,7,0.0,1,0.0,7,,2026-06-14,-1.1519389392720125,0.45709340997795017,0.02036721837159873
801,SUBARU,UNCHARTED,2026,0,0,0.4171026554800522,20,0.0,0,0.0,20,,2026-05-09,-1.2165725539033907,0.45709340997795017,0.27135048973200077
802,SUBARU,WRX,2022,1,1,0.5888278337751243,24,0.125,20,19800.0,1,1.0,2022-10-27,0.07609973872417276,0.25434101709950296,-0.12476887269942694
803,SUBARU,WRX,2023,1,0,0.3722656209528463,7,0.2857142857142857,3,0.0,1,1.0,2023-08-16,-1.0226717100092562,0.45709340997795017,-0.1103811118725102
804,SUBARU,WRX,2024,0,0,0.4011644592983588,13,0.0,5,150.0,1,,2024-12-11,-0.8934044807464998,0.4555574070015983,-0.11621839658228252
805,TESLA,CYBERTRUCK,2024,1,1,0.7163468665398744,160,0.1375,25,5574.5,27,11.0,2024-04-22,0.39926781188106364,0.4000104193667934,-0.02631579425838453
806,TESLA,CYBERTRUCK,2025,1,1,0.5583417759428433,20,0.1,15,7857.0,10,3.0,2025-06-28,-0.24706833443271806,0.3766375740766391,-0.048584229804335896
807,TESLA,MODEL 3,2022,1,1,0.9248448872992707,748,0.06951871657754011,42,4235.0,443,17.0,2021-12-04,1.4980392606144926,0.4137269259456156,0.44485576782177094
808,TESLA,MODEL 3,2023,1,1,0.8502636990676926,411,0.170316301703163,34,3393.5,212,11.0,2022-11-12,0.9809703435634671,0.42234390264294963,0.17990660363384745
809,TESLA,MODEL 3,2024,1,1,0.7516797189486769,199,0.10050251256281408,25,13816.0,96,4.0,2024-03-25,0.39926781188106364,0.3156172958361004,0.23925591854888728
810,TESLA,MODEL 3,2025,1,1,0.7717865423242382,108,0.21296296296296297,22,9840.0,81,3.0,2024-11-06,0.20536696798692908,0.35633161472926733,0.5032780881419626
811,TESLA,MODEL 3,2026,1,0,0.38194166522017625,8,0.625,3,0.0,8,1.0,2026-01-16,-1.0226717100092562,0.45709340997795017,-0.06918659022316938
812,TESLA,MODEL S,2022,1,1,0.7457528101328171,135,0.022222222222222223,28,6118.0,52,20.0,2022-01-06,0.5931686557751981,0.39444496858247846,-0.06497634750576942
813,TESLA,MODEL S,2023,1,1,0.6342323152593312,108,0.06481481481481481,22,16000.0,21,13.0,2023-01-10,0.20536696798692908,0.2932530925004171,-0.10165306853836559
814,TESLA,MODEL S,2024,1,0,0.3790626824988554,38,0.05263157894736842,3,3500.0,22,6.0,2024-05-07,-1.0226717100092562,0.42125334052973984,-0.04556012127340424
815,TESLA,MODEL X,2022,1,1,0.7159504175620411,122,0.09016393442622951,26,5500.0,30,22.0,2022-03-11,0.4639014265124417,0.40077330084504814,-0.0936625534832781
816,TESLA,MODEL X,2023,1,1,0.7711154547906715,191,0.08900523560209424,30,3071.0,31,17.0,2023-01-06,0.7224358850379544,0.42564630904210615,-0.08691172444557957
817,TESLA,MODEL X,2024,1,1,0.5156029813557251,23,0.08695652173913043,12,0.0,6,8.0,2024-03-25,-0.4409691783268526,0.45709340997795017,-0.10714196772146727
818,TESLA,MODEL X,2025,1,1,0.5164407012531914,14,0.14285714285714285,12,6150.0,11,3.0,2025-01-28,-0.4409691783268526,0.3941172879475234,-0.0408115211008669
819,TESLA,MODEL Y,2022,1,1,0.91691256316221,824,0.09587378640776699,42,8253.5,391,19.0,2021-11-22,1.4980392606144926,0.372577406209149,0.3770520082385686
820,TESLA,MODEL Y,2023,1,1,0.9308862100817438,1087,0.13063477460901565,40,5000.0,546,16.0,2022-11-18,1.368772031351736,0.4058933107662211,0.6722674963329007
821,TESLA,MODEL Y,2024,1,1,0.8912101258899942,292,0.21575342465753425,36,8199.0,155,5.0,2024-02-09,1.1102375728262233,0.37313548729055684,0.4663389773261196
822,TESLA,MODEL Y,2025,1,1,0.819402003683976,87,0.2988505747126437,30,5828.5,47,3.0,2024-11-29,0.7224358850379544,0.3974094543268376,0.23900599222401692
823,TESLA,MODEL Y,2026,1,1,0.8883315977020216,275,0.1890909090909091,28,5450.0,146,6.0,2025-05-05,0.5931686557751981,0.40128530183716543,0.9259074180064878
824,TOYOTA,4RUNNER,2022,1,1,0.508496000498221,39,0.1282051282051282,15,23600.0,7,3.0,2021-12-08,-0.24706833443271806,0.21542894169858887,-0.0878232664957615
825,TOYOTA,4RUNNER,2023,1,1,0.6230228868245627,30,0.2,20,9000.0,11,1.0,2023-02-07,0.07609973872417276,0.3649332313968378,-0.09208412588164484
826,TOYOTA,4RUNNER,2024,1,0,0.39494450625623967,8,0.125,5,2038.0,3,1.0,2024-05-03,-0.8934044807464998,0.4362242495392494,-0.12284461577409837
827,TOYOTA,4RUNNER,2025,1,1,0.680572693156728,48,0.041666666666666664,22,925.0,28,1.0,2025-04-04,0.20536696798692908,0.4476213916237803,-0.050033378884643674
828,TOYOTA,AVALON,2022,0,0,0.37078173899893657,8,0.125,3,0.0,2,,2022-11-17,-1.0226717100092562,0.45709340997795017,-0.11673624089996984
829,TOYOTA,BZ,2026,0,0,0.3796659417330504,8,0.0,3,0.0,8,,2026-01-21,-1.0226717100092562,0.45709340997795017,-0.07883800368091522
830,TOYOTA,BZ4X,2023,1,0,0.35663243002064987,20,0.05,7,30550.0,2,4.0,2022-12-06,-0.7641372514837435,0.14426080379428544,-0.12358405062728235
831,TOYOTA,BZ4X,2024,1,0,0.4994554559648048,23,0.17391304347826086,13,11088.0,3,3.0,2024-05-27,-0.37633556369547444,0.3435520699660197,-0.12284461577409837
832,TOYOTA,CAMRY,2022,1,1,0.7631971468926643,57,0.21052631578947367,35,40000.0,9,1.0,2021-12-30,1.0456039581948453,0.04749261628411745,-0.07625807673407815
833,TOYOTA,CAMRY,2023,1,1,0.6480608792579216,58,0.15517241379310345,25,30000.0,11,2.0,2022-12-26,0.39926781188106364,0.14989281470757562,-0.09208412588164484
834,TOYOTA,CAMRY,2024,1,1,0.721298931908549,45,0.08888888888888889,26,5555.0,23,1.0,2024-02-12,0.4639014265124417,0.4002100997537192,-0.06664756693211596
835,TOYOTA,CAMRY,2025,1,1,0.8208955615551793,133,0.09022556390977443,34,12050.0,64,1.0,2024-06-05,0.9809703435634671,0.3337011708776831,0.05430535489751639
836,TOYOTA,CAMRY HYBRID,2026,1,1,0.7174297385780982,85,0.11764705882352941,18,1300.0,84,2.0,2025-11-17,-0.05316749053858359,0.44378138418290064,0.3876839587057571
837,TOYOTA,COROLLA,2022,0,1,0.7263181911301756,94,0.1276595744680851,28,21000.0,20,,2021-10-04,0.5931686557751981,0.24205299328868798,-0.012649533044819812
838,TOYOTA,COROLLA,2023,1,1,0.6735590962464689,71,0.11267605633802817,28,45000.0,32,3.0,2022-12-17,0.5931686557751981,-0.003707482927611641,-0.018584301475157328
839,TOYOTA,COROLLA,2024,1,1,0.6851619466721015,59,0.15254237288135594,25,15071.0,19,2.0,2023-10-29,0.39926781188106364,0.30276607093395635,-0.07788697670051244
840,TOYOTA,COROLLA,2025,0,1,0.6084460313267422,25,0.32,19,8000.0,11,,2024-11-18,0.011466124092794582,0.37517325123918366,-0.09930444761510816
841,TOYOTA,COROLLA,2026,1,1,0.5074835769188337,11,0.5454545454545454,11,824.5,10,1.0,2025-11-07,-0.5056027929582309,0.44865051361793606,-0.06656110993389751
842,TOYOTA,COROLLA CROSS,2022,1,1,0.5461861117853593,42,0.14285714285714285,19,31250.0,2,2.0,2022-08-24,0.011466124092794582,0.13709278990464335,-0.11673624089996984
843,TOYOTA,COROLLA CROSS,2023,1,1,0.8461170428678473,173,0.03468208092485549,32,2900.0,115,4.0,2023-01-07,0.8517031143007108,0.4273973524351473,0.27191500451238854
844,TOYOTA,COROLLA CROSS,2024,0,1,0.522666042668048,39,0.15384615384615385,24,76385.0,21,,2024-03-07,0.33463419724968546,-0.32509050567963516,-0.07226727181631418
845,TOYOTA,COROLLA CROSS,2025,0,1,0.5229553824946264,18,0.05555555555555555,13,5050.0,14,,2025-01-14,-0.37633556369547444,0.4053813097741038,-0.09060955313326147
846,TOYOTA,COROLLA CROSS,2026,0,0,0.4859760098853072,18,0.0,9,800.0,17,,2025-12-16,-0.6348700222209871,0.44890139410407354,-0.023591981819335583
847,TOYOTA,CROWN,2023,1,0,0.31073659322874886,19,0.10526315789473684,5,37425.0,0,4.0,2024-03-02,-0.8934044807464998,0.07386066737815793,-0.13058403390409068
848,TOYOTA,CROWN,2024,1,0,0.38729403847335125,16,0.0625,5,5998.5,6,3.0,2024-06-25,-0.8934044807464998,0.3956686509536388,-0.114415058447801
849,TOYOTA,CROWN SIGNIA,2025,1,0,0.3580610873927236,12,0.08333333333333333,3,6500.0,9,3.0,2024-11-24,-1.0226717100092562,0.3905332810027024,-0.10510104393633928
850,TOYOTA,GR COROLLA,2023,1,0,0.3835330783495581,10,0.0,4,0.0,1,2.0,2023-11-27,-0.958038095377878,0.45709340997795017,-0.1270840422656865
851,TOYOTA,GR COROLLA,2025,1,0,0.40839891823660823,9,0.0,6,3200.0,4,1.0,2025-07-28,-0.8287708661151215,0.4243253464824435,-0.11959253473941706
852,TOYOTA,GR86,2022,1,0,0.42869832023330756,21,0.047619047619047616,9,19350.0,11,1.0,2022-04-08,-0.6348700222209871,0.2589490260285586,-0.06469288697239482
853,TOYOTA,GR86,2023,1,0,0.27772429513432034,10,0.0,2,34026.5,0,1.0,2022-10-01,-1.0873053246406343,0.1086613748123702,-0.13058403390409068
854,TOYOTA,GRAND HIGHLANDER,2024,1,1,0.8700023955629145,197,0.030456852791878174,38,8000.0,94,4.0,2023-08-26,1.2395048020889796,0.37517325123918366,0.13285195645692155
855,TOYOTA,GRAND HIGHLANDER,2025,1,1,0.6658928846619918,52,0.0,24,19500.0,26,3.0,2025-03-29,0.33463419724968546,0.2574130230522067,-0.055829975205874786
856,TOYOTA,GRAND HIGHLANDER,2026,1,1,0.5172610564753712,16,0.0,11,0.0,15,1.0,2025-11-05,-0.5056027929582309,0.45709340997795017,-0.035868875566353285
857,TOYOTA,GRAND HIGHLANDER HYBRID,2024,1,0,0.35168128823313566,7,0.0,2,2000.0,6,3.0,2024-04-04,-1.0873053246406343,0.4366133702932586,-0.114415058447801
858,TOYOTA,HIGHLANDER,2022,1,1,0.8480434358146243,219,0.0547945205479452,38,20000.0,35,5.0,2021-11-24,1.2395048020889796,0.2522930131310338,0.07408939016780519
859,TOYOTA,HIGHLANDER,2023,1,1,0.8062735607202601,162,0.06790123456790123,36,28000.0,35,9.0,2023-02-14,1.1102375728262233,0.17037285439226726,-0.008084326559944826
860,TOYOTA,HIGHLANDER,2024,1,1,0.6062977450148075,39,0.10256410256410256,19,7678.5,7,7.0,2024-03-31,0.011466124092794582,0.3784654176184978,-0.11160520600570187
861,TOYOTA,HIGHLANDER,2025,1,0,0.35924534893275883,7,0.0,3,4299.0,3,3.0,2025-07-26,-1.0226717100092562,0.41307156467570555,-0.12249083290003261
862,TOYOTA,HIGHLANDER HYBRID,2023,1,0,0.3403384915240502,8,0.0,2,6000.0,2,6.0,2023-06-27,-1.0873053246406343,0.39565329092387524,-0.12358405062728235
863,TOYOTA,LAND CRUISER HYBRID,2024,1,1,0.5725841909496712,33,0.0,16,4000.0,13,3.0,2024-09-13,-0.1824347198013399,0.4161333306085669,-0.09474609135310716
864,TOYOTA,LAND CRUISER HYBRID,2025,1,1,0.6010573898236153,28,0.03571428571428571,19,13000.0,18,3.0,2025-01-30,0.011466124092794582,0.3239731520274545,-0.07901636049079926
865,TOYOTA,MIRAI,2022,1,0,0.30519297218412106,10,0.2,6,46500.0,0,1.0,2023-02-22,-0.8287708661151215,-0.01906751269113037,-0.1283014306616532
866,TOYOTA,PRIUS,2022,1,0,0.4745761140419041,24,0.16666666666666666,15,34600.0,3,1.0,2021-10-14,-0.24706833443271806,0.10278872343278488,-0.11095364601912817
867,TOYOTA,PRIUS,2023,1,1,0.5358168675424488,18,0.05555555555555555,14,3100.0,2,4.0,2023-06-10,-0.31170194906409626,0.42534934846667816,-0.12358405062728235
868,TOYOTA,PRIUS,2024,1,0,0.4286185611149917,22,0.18181818181818182,7,3000.0,10,4.0,2024-03-03,-0.7641372514837435,0.42637335045091274,-0.10317564867940453
869,TOYOTA,PRIUS,2025,1,0,0.4688527732125744,15,0.06666666666666667,11,12450.0,10,2.0,2025-03-13,-0.5056027929582309,0.3296051629407447,-0.10220274577572372
870,TOYOTA,PRIUS PRIME,2022,1,0,0.41975259709535445,8,0.375,7,6350.0,4,1.0,2021-11-19,-0.7641372514837435,0.3920692839790542,-0.10517105113828651
871,TOYOTA,PRIUS PRIME,2024,1,0,0.40323054615586373,11,0.09090909090909091,6,5250.0,4,4.0,2024-08-01,-0.8287708661151215,0.40333330580563465,-0.12003476333199925
872,TOYOTA,RAV4,2022,1,1,0.8494816054870076,132,0.09848484848484848,38,11000.0,21,1.0,2022-03-18,1.2395048020889796,0.3444531917121462,-0.006866938163978151
873,TOYOTA,RAV4,2023,1,1,0.8299006761072112,140,0.12857142857142856,38,21000.0,23,3.0,2022-12-29,1.2395048020889796,0.24205299328868798,-0.050084226220794836
874,TOYOTA,RAV4,2024,1,1,0.8704285000112492,161,0.15527950310559005,41,12024.0,41,3.0,2023-11-30,1.4334056459831142,0.33396741139358405,-0.0160702229743318
875,TOYOTA,RAV4,2025,1,1,0.7853390873805485,69,0.10144927536231885,31,5500.0,30,3.0,2025-02-23,0.7870694996693326,0.40077330084504814,-0.044236782563412555
876,TOYOTA,RAV4 HYBRID,2023,1,0,0.300857151653696,7,0.0,4,36000.0,1,1.0,2023-08-02,-0.958038095377878,0.08845269565350072,-0.1270840422656865
877,TOYOTA,RAV4 HYBRID,2026,0,0,0.3964702544643822,9,0.0,4,0.0,9,,2026-03-09,-0.958038095377878,0.45709340997795017,-0.07269955680740636
878,TOYOTA,RAV4 PLUG-IN HYBRID,2025,1,0,0.4308264240448215,8,0.0,7,800.0,5,2.0,2025-02-27,-0.7641372514837435,0.44890139410407354,-0.1166942365788015
879,TOYOTA,RAV4 PRIME,2022,1,1,0.5250253202811231,21,0.23809523809523808,14,8000.0,2,3.0,2022-05-05,-0.31170194906409626,0.37517325123918366,-0.11673624089996984
880,TOYOTA,RAV4 PRIME,2023,1,1,0.5090767529266276,60,0.08333333333333333,18,39500.0,4,2.0,2023-04-07,-0.05316749053858359,0.052612626205290364,-0.11658406735047401
881,TOYOTA,RAV4 PRIME,2024,1,1,0.6665535647820331,28,0.10714285714285714,23,8000.0,9,2.0,2024-01-17,0.2700005826183072,0.37517325123918366,-0.10598550112150366
882,TOYOTA,SEQUOIA HYBRID,2023,1,1,0.6190257900536981,35,0.02857142857142857,22,21231.5,5,5.0,2023-02-02,0.20536696798692908,0.23968242869518494,-0.11308407571206984
883,TOYOTA,SEQUOIA HYBRID,2024,1,0,0.401336911164512,35,0.0,5,3000.0,16,5.0,2024-05-06,-0.8934044807464998,0.42637335045091274,-0.08631653402680979
884,TOYOTA,SIENNA HYBRID,2022,1,0,0.34056529888069864,16,0.0625,7,37000.0,0,1.0,2023-10-26,-0.7641372514837435,0.0782126758111549,-0.1283014306616532
885,TOYOTA,SIENNA HYBRID,2023,1,1,0.6976737092044463,63,0.12698412698412698,31,48221.0,18,1.0,2022-12-21,0.7870694996693326,-0.03669058683980752,-0.06758418441281566
886,TOYOTA,SIENNA HYBRID,2024,1,1,0.5839994806483554,62,0.04838709677419355,19,18913.0,15,2.0,2024-03-11,0.011466124092794582,0.26342391469966375,-0.0891263864689089
887,TOYOTA,SIENNA HYBRID,2025,1,1,0.7256229269276888,256,0.0078125,23,0.0,77,4.0,2024-11-14,0.2700005826183072,0.45709340997795017,0.09198323098551864
888,TOYOTA,SIENNA HYBRID,2026,0,0,0.34942532898688927,9,0.0,2,6442.0,8,,2025-12-10,-1.0873053246406343,0.3911272021535584,-0.07883800368091522
889,TOYOTA,TACOMA,2022,1,1,0.7215392486720095,55,0.2,29,24000.0,10,3.0,2022-03-22,0.6578022704065762,0.21133293376165052,-0.0704754818532365
890,TOYOTA,TACOMA,2023,1,1,0.6431278234035961,48,0.10416666666666667,23,19140.0,10,4.0,2023-04-29,0.2700005826183072,0.26109943019545123,-0.09558411752004901
891,TOYOTA,TACOMA,2024,1,1,0.7980527670669453,138,0.028985507246376812,32,11148.0,56,4.0,2024-05-10,0.8517031143007108,0.342937668775479,0.026077563657155
892,TOYOTA,TACOMA,2025,1,1,0.7133624625187027,69,0.057971014492753624,26,11000.0,28,4.0,2025-04-02,0.4639014265124417,0.3444531917121462,-0.050033378884643674
893,TOYOTA,TUNDRA,2022,1,1,0.8561864812284302,413,0.009685230024213076,39,20000.0,35,13.0,2022-01-25,1.3041384167203578,0.2522930131310338,0.07408939016780519
894,TOYOTA,TUNDRA,2023,1,1,0.8777512952584855,369,0.018970189701897018,43,26106.0,56,13.0,2023-01-19,1.5626728752458707,0.18976745197367023,0.06541549784654269
895,TOYOTA,TUNDRA,2024,1,1,0.8883110007033397,305,0.003278688524590164,43,12000.0,55,10.0,2023-12-25,1.5626728752458707,0.3342131718698004,0.023267711215055904
896,TOYOTA,TUNDRA,2025,1,1,0.7920155947971713,126,0.03968253968253968,30,4333.0,62,4.0,2024-11-26,0.7224358850379544,0.4127234040010657,0.04850875857628529
897,TOYOTA,TUNDRA,2026,0,0,0.4849556536705864,18,0.0,9,0.0,15,,2025-11-25,-0.6348700222209871,0.45709340997795017,-0.035868875566353285
898,TOYOTA,VENZA,2022,1,1,0.5752050775623794,39,0.15384615384615385,16,2500.0,5,1.0,2022-07-12,-0.1824347198013399,0.43149336037208563,-0.09938845625744484
899,TOYOTA,VENZA,2023,1,1,0.5103880160635794,20,0.45,12,1800.0,6,1.0,2023-01-28,-0.4409691783268526,0.4386613742617277,-0.10958408407366568
900,TOYOTA,VENZA,2024,1,0,0.4806398836951443,22,0.22727272727272727,10,2250.0,13,1.0,2024-03-21,-0.5702364075896089,0.4340533653326721,-0.09474609135310716
901,TOYOTA,redundant SIENNA,2022,0,1,0.7769195198299109,119,0.03361344537815126,28,1800.0,33,,2021-11-08,0.5931686557751981,0.4386613742617277,0.06252420040612187
902,VOLKSWAGEN,ARTEON,2023,1,0,0.3699632963369155,13,0.0,3,0.0,1,1.0,2023-07-30,-1.0226717100092562,0.45709340997795017,-0.12024590831319745
903,VOLKSWAGEN,ATLAS,2022,1,1,0.7937415697158792,170,0.01764705882352941,36,36000.0,20,7.0,2022-01-30,1.1102375728262233,0.08845269565350072,-0.004512170145491077
904,VOLKSWAGEN,ATLAS,2023,1,1,0.7993829096709608,115,0.034782608695652174,35,28500.0,21,5.0,2022-11-28,1.0456039581948453,0.16525284447109434,0.018135263979776564
905,VOLKSWAGEN,ATLAS,2024,1,1,0.8939928727512676,158,0.0379746835443038,39,9500.0,50,7.0,2023-10-06,1.3041384167203578,0.3598132214756649,0.31478990208283963
906,VOLKSWAGEN,ATLAS,2025,1,1,0.7420084104561343,36,0.027777777777777776,24,4379.0,15,4.0,2024-12-08,0.33463419724968546,0.41225236308831786,0.1560970993870143
907,VOLKSWAGEN,ATLAS CROSS SPORT,2022,1,1,0.7098048239601529,70,0.014285714285714285,27,21642.5,17,7.0,2021-12-13,0.5285350411438199,0.2354737805399808,-0.0230224352022059
908,VOLKSWAGEN,ATLAS CROSS SPORT,2023,1,0,0.4547417232252707,16,0.0625,8,0.0,5,6.0,2023-03-31,-0.6995036368523653,0.45709340997795017,-0.09256967385460266
909,VOLKSWAGEN,ATLAS CROSS SPORT,2024,1,1,0.7961045871460983,87,0.022988505747126436,31,11000.0,23,7.0,2023-08-29,0.7870694996693326,0.3444531917121462,0.07715076392825079
910,VOLKSWAGEN,ATLAS CROSS SPORT,2025,1,0,0.4795597016637915,16,0.0,10,13000.0,7,4.0,2025-05-02,-0.5702364075896089,0.3239731520274545,0.011006536922259733
911,VOLKSWAGEN,GOLF,2022,0,1,0.7257190062728196,81,0.0,21,200.0,57,,2022-03-28,0.14073335335555093,0.455045406009481,0.22378109888732503
912,VOLKSWAGEN,GOLF,2023,0,0,0.37806275787754146,11,0.0,3,0.0,6,,2022-11-16,-1.0226717100092562,0.45709340997795017,-0.08565061523995394
913,VOLKSWAGEN,GOLF R,2022,1,0,0.35327464716799584,10,0.0,2,0.0,0,5.0,2023-01-14,-1.0873053246406343,0.45709340997795017,-0.1279139371902566
914,VOLKSWAGEN,GOLF R,2024,1,0,0.38532670337354796,11,0.0,3,0.0,8,1.0,2024-05-05,-1.0226717100092562,0.45709340997795017,-0.05487097949096523
915,VOLKSWAGEN,GTI,2022,1,0,0.4582407523242202,26,0.0,10,9000.0,2,6.0,2022-07-02,-0.5702364075896089,0.3649332313968378,-0.11557376048578002
916,VOLKSWAGEN,GTI,2024,1,1,0.5900075982055683,28,0.07142857142857142,16,5200.0,13,2.0,2024-03-19,-0.1824347198013399,0.40384530679775194,-0.0108637316845599
917,VOLKSWAGEN,ID. BUZZ,2025,1,1,0.5332158589539755,12,0.16666666666666666,11,100.0,8,2.0,2025-07-28,-0.5056027929582309,0.4560694079937156,0.029142857230354036
918,VOLKSWAGEN,ID.4,2022,1,1,0.6984872378385579,133,0.11278195488721804,24,5000.0,12,7.0,2022-08-12,0.33463419724968546,0.4058933107662211,-0.05387287696339728
919,VOLKSWAGEN,ID.4,2023,1,1,0.898963521743685,441,0.11337868480725624,37,12000.0,94,13.0,2022-11-22,1.1748711874576014,0.3342131718698004,0.5232265428491316
920,VOLKSWAGEN,ID.4,2024,1,1,0.7090137404402855,48,0.08333333333333333,24,2550.0,11,8.0,2024-06-13,0.33463419724968546,0.43098135937996834,-0.02846663080712202
921,VOLKSWAGEN,ID.4,2025,1,0,0.45707064849204054,23,0.2608695652173913,15,67550.0,15,1.0,2025-07-24,-0.24706833443271806,-0.23461993037250986,0.1560970993870143
922,VOLKSWAGEN,JETTA,2022,1,1,0.6905076769110312,41,0.024390243902439025,24,3250.0,3,1.0,2022-08-03,0.33463419724968546,0.42381334549032623,-0.10940367213354174
923,VOLKSWAGEN,JETTA,2023,0,1,0.5639833632862471,41,0.024390243902439025,15,2000.0,6,,2023-04-25,-0.24706833443271806,0.4366133702932586,-0.08565061523995394
924,VOLKSWAGEN,JETTA,2024,0,1,0.7029662087023749,36,0.05555555555555555,26,16300.0,9,,2024-05-27,0.4639014265124417,0.29018108654771335,-0.04606952992968416
925,VOLKSWAGEN,JETTA,2025,1,1,0.5057378725506527,21,0.19047619047619047,9,0.0,9,2.0,2025-02-25,-0.6348700222209871,0.45709340997795017,0.04727917753844838
926,VOLKSWAGEN,PASSAT,2022,0,1,0.5117250284548963,11,0.09090909090909091,12,90.0,1,,2021-10-18,-0.4409691783268526,0.4561718081921391,-0.1217438488380183
927,VOLKSWAGEN,TAOS,2022,1,1,0.8641169891097844,303,0.013201320132013201,39,20948.0,45,6.0,2021-08-11,1.3041384167203578,0.24258547432048996,0.14974003866046573
928,VOLKSWAGEN,TAOS,2023,0,1,0.7996251798163273,100,0.02,32,10092.5,22,,2023-01-14,0.8517031143007108,0.353746009719075,0.02505432259442526
929,VOLKSWAGEN,TAOS,2024,0,1,0.712736885850963,47,0.02127659574468085,24,2500.0,13,,2024-05-10,0.33463419724968546,0.43149336037208563,-0.0108637316845599
930,VOLKSWAGEN,TAOS,2025,1,0,0.3413366541579388,9,0.1111111111111111,1,0.0,0,2.0,2026-01-28,-1.1519389392720125,0.45709340997795017,-0.11594770523440052
931,VOLKSWAGEN,TIGUAN,2022,1,1,0.864874921922888,243,0.012345679012345678,40,20000.0,34,5.0,2021-12-01,1.368772031351736,0.2522930131310338,0.08186906678584475
932,VOLKSWAGEN,TIGUAN,2023,1,1,0.5911258161699505,57,0.017543859649122806,21,35085.5,15,1.0,2023-02-10,0.14073335335555093,0.09781719379932598,-0.023379087708115632
933,VOLKSWAGEN,TIGUAN,2024,1,1,0.6035064057597616,54,0.037037037037037035,19,13500.0,7,2.0,2024-04-05,0.011466124092794582,0.31885314210628163,-0.0636724290522463
934,VOLKSWAGEN,TIGUAN,2025,1,1,0.7384943921908266,38,0.02631578947368421,25,3620.0,10,2.0,2025-07-03,0.39926781188106364,0.4200245381486583,0.06541549784654269
935,VOLKSWAGEN,TIGUAN,2026,0,1,0.7184960214726535,20,0.0,14,0.0,19,,2025-12-05,-0.31170194906409626,0.45709340997795017,0.638172194027973
936,VOLVO,C40BEV,2022,1,0,0.39324341688498565,12,0.0,4,0.0,1,2.0,2022-10-26,-0.958038095377878,0.45709340997795017,-0.08620413992912584
937,VOLVO,C40BEV,2023,1,0,0.4782503837845274,23,0.08695652173913043,8,6202.0,8,3.0,2022-10-03,-0.6995036368523653,0.3935848069157214,0.06541549784654269
938,VOLVO,EX30,2025,1,0,0.40995861415011786,7,0.14285714285714285,5,0.0,2,3.0,2025-03-06,-0.8934044807464998,0.45709340997795017,-0.08127532817480844
939,VOLVO,EX90,2025,1,1,0.7079863170998125,60,0.016666666666666666,19,700.0,22,3.0,2025-01-05,0.011466124092794582,0.4499253960883081,0.2707826542764343
940,VOLVO,S60,2022,1,0,0.46365826219119033,15,0.0,14,42000.0,4,4.0,2022-07-09,-0.31170194906409626,0.027012576599425814,-0.014384311509072314
941,VOLVO,S60,2024,1,1,0.6293830481585742,18,0.16666666666666666,18,13000.0,5,3.0,2023-09-13,-0.05316749053858359,0.3239731520274545,0.1053154025243502
942,VOLVO,XC40,2022,1,1,0.6582813599761544,36,0.05555555555555555,19,7000.0,9,3.0,2021-09-24,0.011466124092794582,0.38541327108152945,0.1053154025243502
943,VOLVO,XC40,2023,1,1,0.7250463325300716,40,0.175,24,4000.0,8,4.0,2022-12-07,0.33463419724968546,0.4161333306085669,0.06541549784654269
944,VOLVO,XC40,2024,1,0,0.46511522470892364,14,0.2857142857142857,5,8000.0,8,4.0,2023-10-16,-0.8934044807464998,0.37517325123918366,0.2250151165577727
945,VOLVO,XC40,2025,1,0,0.3789715643777012,9,0.1111111111111111,3,50.0,2,2.0,2025-08-18,-1.0226717100092562,0.4565814089858329,-0.08127532817480844
946,VOLVO,XC40 ,2024,1,0,0.4068397418388908,12,0.08333333333333333,5,0.0,0,4.0,2025-07-15,-0.8934044807464998,0.45709340997795017,-0.09418412086468735
947,VOLVO,XC60,2022,1,1,0.7377828280122581,67,0.029850746268656716,20,18398.5,27,6.0,2022-01-12,0.07609973872417276,0.2686924049085506,0.5362343730446713
948,VOLVO,XC60,2023,1,1,0.7424625268196877,48,0.041666666666666664,20,350.0,22,5.0,2022-10-18,0.07609973872417276,0.45350940303312914,0.3757480897850454
949,VOLVO,XC60,2024,1,0,0.47027939253462364,22,0.18181818181818182,8,9324.0,4,2.0,2023-11-09,-0.6995036368523653,0.36161546496791774,0.06541549784654269
950,VOLVO,XC60,2025,1,0,0.3775883918242994,27,0.037037037037037035,9,66000.0,18,3.0,2024-09-11,-0.6348700222209871,-0.21874789961687383,0.20037105778618575
951,VOLVO,XC60MHEV,2026,1,1,0.5907543809479706,11,0.0,8,3358.5,11,2.0,2026-01-17,-0.6995036368523653,0.42270230333743175,0.4904362215884052
952,VOLVO,XC90,2022,1,1,0.5541984024468712,28,0.0,14,11200.0,6,4.0,2022-07-11,-0.31170194906409626,0.342405187743677,0.0334955741042967
953,VOLVO,XC90,2023,1,1,0.6169014993944097,39,0.0,16,6000.0,10,6.0,2023-03-14,-0.1824347198013399,0.39565329092387524,0.10974872526632878
954,VOLVO,XC90,2024,1,1,0.6357358198520418,30,0.1,16,5500.0,7,3.0,2023-10-13,-0.1824347198013399,0.40077330084504814,0.18511521187996519
955,VOLVO,XC90,2025,1,1,0.6013340584781206,26,0.15384615384615385,13,2300.0,18,2.0,2024-09-24,-0.37633556369547444,0.4335413643405548,0.20037105778618575
